Main Category, Event Name, Event Day and Date, Event Time, Event Location, Event Participant Name, Event Participant Score
C-1 - 200m Female,Heat 1,"Friday, August 11, 2017",09:00,Manitoba Canoe & Kayak Centre,Rowan Hardy-Kavanagh,52.35
C-1 - 200m Female,Heat 1,"Friday, August 11, 2017",09:00,Manitoba Canoe & Kayak Centre,Nicole Boyle,54.61
C-1 - 200m Female,Heat 1,"Friday, August 11, 2017",09:00,Manitoba Canoe & Kayak Centre,Zoey Bourgeois,53.94
C-1 - 200m Female,Heat 1,"Friday, August 11, 2017",09:00,Manitoba Canoe & Kayak Centre,Sam Loutet,56.65
C-1 - 200m Female,Heat 2,"Friday, August 11, 2017",09:05,Manitoba Canoe & Kayak Centre,Anne-Sophie Lavoie-Parent,52.66
C-1 - 200m Female,Heat 2,"Friday, August 11, 2017",09:05,Manitoba Canoe & Kayak Centre,Erin Ung,1:02.90
C-1 - 200m Female,Heat 2,"Friday, August 11, 2017",09:05,Manitoba Canoe & Kayak Centre,Nicole Jessop,53.09
C-1 - 200m Female,Heat 2,"Friday, August 11, 2017",09:05,Manitoba Canoe & Kayak Centre,Maeve McManus,1:14.29
C-1 - 200m Female,Consolation Final,"Friday, August 11, 2017",11:00,Manitoba Canoe & Kayak Centre,Sam Loutet,59.80
C-1 - 200m Female,Consolation Final,"Friday, August 11, 2017",11:00,Manitoba Canoe & Kayak Centre,Maeve McManus,1:13.81
C-1 - 200m Female,Consolation Final,"Friday, August 11, 2017",11:00,Manitoba Canoe & Kayak Centre,Erin Ung,1:03.80
C-1 - 200m Female,Final,"Friday, August 11, 2017",11:05,Manitoba Canoe & Kayak Centre,Anne-Sophie Lavoie-Parent,51.46
C-1 - 200m Female,Final,"Friday, August 11, 2017",11:05,Manitoba Canoe & Kayak Centre,Rowan Hardy-Kavanagh,52.72
C-1 - 200m Female,Final,"Friday, August 11, 2017",11:05,Manitoba Canoe & Kayak Centre,Zoey Bourgeois,55.87
C-1 - 200m Female,Final,"Friday, August 11, 2017",11:05,Manitoba Canoe & Kayak Centre,Nicole Jessop,52.19
C-1 - 200m Female,Final,"Friday, August 11, 2017",11:05,Manitoba Canoe & Kayak Centre,Nicole Boyle,55.41
C-1 - 200m Male,Heat 1,"Thursday, August 10, 2017",09:10,Manitoba Canoe & Kayak Centre,Brady Garcia,41.38
C-1 - 200m Male,Heat 1,"Thursday, August 10, 2017",09:10,Manitoba Canoe & Kayak Centre,Sam Stevens,45.05
C-1 - 200m Male,Heat 1,"Thursday, August 10, 2017",09:10,Manitoba Canoe & Kayak Centre,Connor Fitzpatrick,43.32
C-1 - 200m Male,Heat 2,"Thursday, August 10, 2017",09:15,Manitoba Canoe & Kayak Centre,Philippe Laliberé,42.57
C-1 - 200m Male,Heat 2,"Thursday, August 10, 2017",09:15,Manitoba Canoe & Kayak Centre,Isaac T Finkelstein,44.83
C-1 - 200m Male,Heat 2,"Thursday, August 10, 2017",09:15,Manitoba Canoe & Kayak Centre,Alexander Demishkevich,43.74
C-1 - 200m Male,Final,"Thursday, August 10, 2017",13:15,Manitoba Canoe & Kayak Centre,Brady Garcia,39.42
C-1 - 200m Male,Final,"Thursday, August 10, 2017",13:15,Manitoba Canoe & Kayak Centre,Philippe Laliberé,41.52
C-1 - 200m Male,Final,"Thursday, August 10, 2017",13:15,Manitoba Canoe & Kayak Centre,Isaac T Finkelstein,43.84
C-1 - 200m Male,Final,"Thursday, August 10, 2017",13:15,Manitoba Canoe & Kayak Centre,Connor Fitzpatrick,40.32
C-1 - 200m Male,Final,"Thursday, August 10, 2017",13:15,Manitoba Canoe & Kayak Centre,Alexander Demishkevich,42.72
C-1 - 500m Female,Heat 1,"Monday, August 7, 2017",09:00,Manitoba Canoe & Kayak Centre,Jillian Perrone,2:30.64
C-1 - 500m Female,Heat 1,"Monday, August 7, 2017",09:00,Manitoba Canoe & Kayak Centre,Anna Zhang,2:50.46
C-1 - 500m Female,Heat 1,"Monday, August 7, 2017",09:00,Manitoba Canoe & Kayak Centre,Nicole Jessop,2:30.72
C-1 - 500m Female,Heat 1,"Monday, August 7, 2017",09:00,Manitoba Canoe & Kayak Centre,Olivia Patton,3:15.36
C-1 - 500m Female,Heat 2,"Monday, August 7, 2017",09:06,Manitoba Canoe & Kayak Centre,Anne-Sophie Lavoie-Parent,2:31.97
C-1 - 500m Female,Heat 2,"Monday, August 7, 2017",09:06,Manitoba Canoe & Kayak Centre,Zoey Bourgeois,2:41.52
C-1 - 500m Female,Heat 2,"Monday, August 7, 2017",09:06,Manitoba Canoe & Kayak Centre,Maddy Mitchell,2:32.97
C-1 - 500m Female,Heat 2,"Monday, August 7, 2017",09:06,Manitoba Canoe & Kayak Centre,Maeve McManus,3:18.88
C-1 - 500m Female,Consolation Final,"Monday, August 7, 2017",13:00,Manitoba Canoe & Kayak Centre,Anna Zhang,2:53.81
C-1 - 500m Female,Consolation Final,"Monday, August 7, 2017",13:00,Manitoba Canoe & Kayak Centre,Maeve McManus,3:27.91
C-1 - 500m Female,Consolation Final,"Monday, August 7, 2017",13:00,Manitoba Canoe & Kayak Centre,Olivia Patton,3:23.59
C-1 - 500m Female,Final,"Monday, August 7, 2017",13:06,Manitoba Canoe & Kayak Centre,Anne-Sophie Lavoie-Parent,2:26.91
C-1 - 500m Female,Final,"Monday, August 7, 2017",13:06,Manitoba Canoe & Kayak Centre,Nicole Jessop,2:27.63
C-1 - 500m Female,Final,"Monday, August 7, 2017",13:06,Manitoba Canoe & Kayak Centre,Zoey Bourgeois,2:40.05
C-1 - 500m Female,Final,"Monday, August 7, 2017",13:06,Manitoba Canoe & Kayak Centre,Jillian Perrone,2:27.58
C-1 - 500m Female,Final,"Monday, August 7, 2017",13:06,Manitoba Canoe & Kayak Centre,Maddy Mitchell,2:29.71
C-1 - 500m Male,Heat 1,"Monday, August 7, 2017",09:36,Manitoba Canoe & Kayak Centre,Connor Fitzpatrick,2:02.60
C-1 - 500m Male,Heat 1,"Monday, August 7, 2017",09:36,Manitoba Canoe & Kayak Centre,Sam Stevens,2:11.70
C-1 - 500m Male,Heat 1,"Monday, August 7, 2017",09:36,Manitoba Canoe & Kayak Centre,Clément Bouchard,2:05.79
C-1 - 500m Male,Heat 2,"Monday, August 7, 2017",09:42,Manitoba Canoe & Kayak Centre,Brady Garcia,2:05.32
C-1 - 500m Male,Heat 2,"Monday, August 7, 2017",09:42,Manitoba Canoe & Kayak Centre,Ydris Hunter,2:10.67
C-1 - 500m Male,Heat 2,"Monday, August 7, 2017",09:42,Manitoba Canoe & Kayak Centre,Isaac T Finkelstein,2:07.86
C-1 - 500m Male,Final,"Monday, August 7, 2017",15:26,Manitoba Canoe & Kayak Centre,Connor Fitzpatrick,2:06.24
C-1 - 500m Male,Final,"Monday, August 7, 2017",15:26,Manitoba Canoe & Kayak Centre,Brady Garcia,2:10.01
C-1 - 500m Male,Final,"Monday, August 7, 2017",15:26,Manitoba Canoe & Kayak Centre,Ydris Hunter,2:22.78
C-1 - 500m Male,Final,"Monday, August 7, 2017",15:26,Manitoba Canoe & Kayak Centre,Clément Bouchard,2:08.44
C-1 - 500m Male,Final,"Monday, August 7, 2017",15:26,Manitoba Canoe & Kayak Centre,Isaac T Finkelstein,2:15.23
C-1 - 1000m Female,Heat 1,"Tuesday, August 8, 2017",09:32,Manitoba Canoe & Kayak Centre,Lindsay Irwin,4:56.32
C-1 - 1000m Female,Heat 1,"Tuesday, August 8, 2017",09:32,Manitoba Canoe & Kayak Centre,Zoë Keefe,5:37.55
C-1 - 1000m Female,Heat 1,"Tuesday, August 8, 2017",09:32,Manitoba Canoe & Kayak Centre,Maddy Mitchell,5:02.51
C-1 - 1000m Female,Heat 1,"Tuesday, August 8, 2017",09:32,Manitoba Canoe & Kayak Centre,Maeve McManus,6:01.66
C-1 - 1000m Female,Heat 2,"Tuesday, August 8, 2017",09:40,Manitoba Canoe & Kayak Centre,Sophia Jensen,4:45.91
C-1 - 1000m Female,Heat 2,"Tuesday, August 8, 2017",09:40,Manitoba Canoe & Kayak Centre,Sam Loutet,4:57.23
C-1 - 1000m Female,Heat 2,"Tuesday, August 8, 2017",09:40,Manitoba Canoe & Kayak Centre,Marlee Dawn MacIntosh,4:47.96
C-1 - 1000m Female,Heat 2,"Tuesday, August 8, 2017",09:40,Manitoba Canoe & Kayak Centre,Tea Elizabeth Anaka,5:05.82
C-1 - 1000m Female,Consolation Final,"Tuesday, August 8, 2017",13:32,Manitoba Canoe & Kayak Centre,Tea Elizabeth Anaka,5:09.65
C-1 - 1000m Female,Consolation Final,"Tuesday, August 8, 2017",13:32,Manitoba Canoe & Kayak Centre,Maeve McManus,6:17.54
C-1 - 1000m Female,Consolation Final,"Tuesday, August 8, 2017",13:32,Manitoba Canoe & Kayak Centre,Zoë Keefe,5:42.17
C-1 - 1000m Female,Final,"Tuesday, August 8, 2017",13:40,Manitoba Canoe & Kayak Centre,Sophia Jensen,4:37.87
C-1 - 1000m Female,Final,"Tuesday, August 8, 2017",13:40,Manitoba Canoe & Kayak Centre,Maddy Mitchell,4:45.63
C-1 - 1000m Female,Final,"Tuesday, August 8, 2017",13:40,Manitoba Canoe & Kayak Centre,Sam Loutet,4:58.01
C-1 - 1000m Female,Final,"Tuesday, August 8, 2017",13:40,Manitoba Canoe & Kayak Centre,Marlee Dawn MacIntosh,4:45.28
C-1 - 1000m Female,Final,"Tuesday, August 8, 2017",13:40,Manitoba Canoe & Kayak Centre,Lindsay Irwin,4:53.14
C-1 - 1000m Male,Heat 1,"Tuesday, August 8, 2017",09:16,Manitoba Canoe & Kayak Centre,Sam Pennyfather,4:13.39
C-1 - 1000m Male,Heat 1,"Tuesday, August 8, 2017",09:16,Manitoba Canoe & Kayak Centre,Ydris Hunter,4:25.32
C-1 - 1000m Male,Heat 1,"Tuesday, August 8, 2017",09:16,Manitoba Canoe & Kayak Centre,Robin Kendall,4:21.22
C-1 - 1000m Male,Heat 2,"Tuesday, August 8, 2017",09:24,Manitoba Canoe & Kayak Centre,Connor Fitzpatrick,4:08.65
C-1 - 1000m Male,Heat 2,"Tuesday, August 8, 2017",09:24,Manitoba Canoe & Kayak Centre,Sam Stevens,4:19.56
C-1 - 1000m Male,Heat 2,"Tuesday, August 8, 2017",09:24,Manitoba Canoe & Kayak Centre,Foster Isaiah Salpeter,4:11.71
C-1 - 1000m Male,Final,"Tuesday, August 8, 2017",13:24,Manitoba Canoe & Kayak Centre,Connor Fitzpatrick,3:56.59
C-1 - 1000m Male,Final,"Tuesday, August 8, 2017",13:24,Manitoba Canoe & Kayak Centre,Foster Isaiah Salpeter,4:04.51
C-1 - 1000m Male,Final,"Tuesday, August 8, 2017",13:24,Manitoba Canoe & Kayak Centre,Robin Kendall,4:19.56
C-1 - 1000m Male,Final,"Tuesday, August 8, 2017",13:24,Manitoba Canoe & Kayak Centre,Sam Pennyfather,4:00.18
C-1 - 1000m Male,Final,"Tuesday, August 8, 2017",13:24,Manitoba Canoe & Kayak Centre,Sam Stevens,4:13.47
C-1 - 5000m Female,Final,"Friday, August 11, 2017",14:20,Manitoba Canoe & Kayak Centre,Marlee Dawn MacIntosh,24:49.24
C-1 - 5000m Female,Final,"Friday, August 11, 2017",14:20,Manitoba Canoe & Kayak Centre,Sophia Jensen,25:41.09
C-1 - 5000m Female,Final,"Friday, August 11, 2017",14:20,Manitoba Canoe & Kayak Centre,Kate Pennyfather,26:20.27
C-1 - 5000m Female,Final,"Friday, August 11, 2017",14:20,Manitoba Canoe & Kayak Centre,Olivia Patton,31:52.84
C-1 - 5000m Female,Final,"Friday, August 11, 2017",14:20,Manitoba Canoe & Kayak Centre,Maddy Mitchell,25:11.45
C-1 - 5000m Female,Final,"Friday, August 11, 2017",14:20,Manitoba Canoe & Kayak Centre,Tea Elizabeth Anaka,25:47.12
C-1 - 5000m Female,Final,"Friday, August 11, 2017",14:20,Manitoba Canoe & Kayak Centre,Anna Zhang,27:32.25
C-1 - 5000m Male,Final,"Friday, August 11, 2017",16:00,Manitoba Canoe & Kayak Centre,Bret Himmelman,21:12.89
C-1 - 5000m Male,Final,"Friday, August 11, 2017",16:00,Manitoba Canoe & Kayak Centre,Sam Stevens,22:19.01
C-1 - 5000m Male,Final,"Friday, August 11, 2017",16:00,Manitoba Canoe & Kayak Centre,Robin Kendall,23:19.87
C-1 - 5000m Male,Final,"Friday, August 11, 2017",16:00,Manitoba Canoe & Kayak Centre,Sam Pennyfather,21:36.74
C-1 - 5000m Male,Final,"Friday, August 11, 2017",16:00,Manitoba Canoe & Kayak Centre,Clément Bouchard,23:14.85
C-1 - 5000m Male,Final,"Friday, August 11, 2017",16:00,Manitoba Canoe & Kayak Centre,Ydris Hunter,23:20.62
C-2 - 200m Female,Heat 1,"Thursday, August 10, 2017",09:20,Manitoba Canoe & Kayak Centre,ON,45.673
C-2 - 200m Female,Heat 1,"Thursday, August 10, 2017",09:20,Manitoba Canoe & Kayak Centre,BC,52.016
C-2 - 200m Female,Heat 1,"Thursday, August 10, 2017",09:20,Manitoba Canoe & Kayak Centre,MB,48.176
C-2 - 200m Female,Heat 1,"Thursday, August 10, 2017",09:20,Manitoba Canoe & Kayak Centre,YT.,DSQ
C-2 - 200m Female,Heat 2,"Thursday, August 10, 2017",09:25,Manitoba Canoe & Kayak Centre,QC,46.803
C-2 - 200m Female,Heat 2,"Thursday, August 10, 2017",09:25,Manitoba Canoe & Kayak Centre,SK,50.079
C-2 - 200m Female,Heat 2,"Thursday, August 10, 2017",09:25,Manitoba Canoe & Kayak Centre,NS,48.099
C-2 - 200m Female,Heat 2,"Thursday, August 10, 2017",09:25,Manitoba Canoe & Kayak Centre,AB,DSQ
C-2 - 200m Female,Final,"Thursday, August 10, 2017",13:25,Manitoba Canoe & Kayak Centre,ON,44.572
C-2 - 200m Female,Final,"Thursday, August 10, 2017",13:25,Manitoba Canoe & Kayak Centre,MB,46.701
C-2 - 200m Female,Final,"Thursday, August 10, 2017",13:25,Manitoba Canoe & Kayak Centre,SK,49.737
C-2 - 200m Female,Final,"Thursday, August 10, 2017",13:25,Manitoba Canoe & Kayak Centre,QC,46.383
C-2 - 200m Female,Final,"Thursday, August 10, 2017",13:25,Manitoba Canoe & Kayak Centre,NS,46.935
C-2 - 200m Male,Heat 1,"Friday, August 11, 2017",09:30,Manitoba Canoe & Kayak Centre,AB,41.137
C-2 - 200m Male,Heat 1,"Friday, August 11, 2017",09:30,Manitoba Canoe & Kayak Centre,MB,47.403
C-2 - 200m Male,Heat 1,"Friday, August 11, 2017",09:30,Manitoba Canoe & Kayak Centre,NS,41.929
C-2 - 200m Male,Heat 2,"Friday, August 11, 2017",09:35,Manitoba Canoe & Kayak Centre,QC,42.820
C-2 - 200m Male,Heat 2,"Friday, August 11, 2017",09:35,Manitoba Canoe & Kayak Centre,BC,44.672
C-2 - 200m Male,Heat 2,"Friday, August 11, 2017",09:35,Manitoba Canoe & Kayak Centre,ON,43.728
C-2 - 200m Male,Final,"Friday, August 11, 2017",11:35,Manitoba Canoe & Kayak Centre,AB,38.667
C-2 - 200m Male,Final,"Friday, August 11, 2017",11:35,Manitoba Canoe & Kayak Centre,NS,40.379
C-2 - 200m Male,Final,"Friday, August 11, 2017",11:35,Manitoba Canoe & Kayak Centre,BC,43.435
C-2 - 200m Male,Final,"Friday, August 11, 2017",11:35,Manitoba Canoe & Kayak Centre,QC,40.227
C-2 - 200m Male,Final,"Friday, August 11, 2017",11:35,Manitoba Canoe & Kayak Centre,ON,41.527
C-2 - 500m Female,Heat 1,"Thursday, August 10, 2017",10:30,Manitoba Canoe & Kayak Centre,ON,2:02.655
C-2 - 500m Female,Heat 1,"Thursday, August 10, 2017",10:30,Manitoba Canoe & Kayak Centre,BC,2:18.513
C-2 - 500m Female,Heat 1,"Thursday, August 10, 2017",10:30,Manitoba Canoe & Kayak Centre,NS,2:13.079
C-2 - 500m Female,Heat 1,"Thursday, August 10, 2017",10:30,Manitoba Canoe & Kayak Centre,YT,2:42.635
C-2 - 500m Female,Heat 2,"Thursday, August 10, 2017",10:36,Manitoba Canoe & Kayak Centre,QC,2:07.216
C-2 - 500m Female,Heat 2,"Thursday, August 10, 2017",10:36,Manitoba Canoe & Kayak Centre,SK,2:13.558
C-2 - 500m Female,Heat 2,"Thursday, August 10, 2017",10:36,Manitoba Canoe & Kayak Centre,MB,2:08.639
C-2 - 500m Female,Heat 2,"Thursday, August 10, 2017",10:36,Manitoba Canoe & Kayak Centre,AB,2:37.440
C-2 - 500m Female,Consolation Final,"Thursday, August 10, 2017",14:30,Manitoba Canoe & Kayak Centre,BC,2:15.655
C-2 - 500m Female,Consolation Final,"Thursday, August 10, 2017",14:30,Manitoba Canoe & Kayak Centre,YT,2:34.843
C-2 - 500m Female,Consolation Final,"Thursday, August 10, 2017",14:30,Manitoba Canoe & Kayak Centre,AB,2:30.307
C-2 - 500m Female,Final,"Thursday, August 10, 2017",14:36,Manitoba Canoe & Kayak Centre,ON,2:01.684
C-2 - 500m Female,Final,"Thursday, August 10, 2017",14:36,Manitoba Canoe & Kayak Centre,NS,2:07.727
C-2 - 500m Female,Final,"Thursday, August 10, 2017",14:36,Manitoba Canoe & Kayak Centre,SK,2:16.057
C-2 - 500m Female,Final,"Thursday, August 10, 2017",14:36,Manitoba Canoe & Kayak Centre,QC,2:02.963
C-2 - 500m Female,Final,"Thursday, August 10, 2017",14:36,Manitoba Canoe & Kayak Centre,MB,2:08.625
C-2 - 500m Male,Heat 1,"Tuesday, August 8, 2017",10:42,Manitoba Canoe & Kayak Centre,QC,1:49.120
C-2 - 500m Male,Heat 1,"Tuesday, August 8, 2017",10:42,Manitoba Canoe & Kayak Centre,BC,2:07.490
C-2 - 500m Male,Heat 1,"Tuesday, August 8, 2017",10:42,Manitoba Canoe & Kayak Centre,NS,1:49.780
C-2 - 500m Male,Heat 2,"Tuesday, August 8, 2017",10:48,Manitoba Canoe & Kayak Centre,AB,1:49.690
C-2 - 500m Male,Heat 2,"Tuesday, August 8, 2017",10:48,Manitoba Canoe & Kayak Centre,MB,1:59.630
C-2 - 500m Male,Heat 2,"Tuesday, August 8, 2017",10:48,Manitoba Canoe & Kayak Centre,ON,1:55.490
C-2 - 500m Male,Final,"Tuesday, August 8, 2017",14:48,Manitoba Canoe & Kayak Centre,AB,1:44.767
C-2 - 500m Male,Final,"Tuesday, August 8, 2017",14:48,Manitoba Canoe & Kayak Centre,NS,1:49.244
C-2 - 500m Male,Final,"Tuesday, August 8, 2017",14:48,Manitoba Canoe & Kayak Centre,MB,2:01.634
C-2 - 500m Male,Final,"Tuesday, August 8, 2017",14:48,Manitoba Canoe & Kayak Centre,QC,1:46.078
C-2 - 500m Male,Final,"Tuesday, August 8, 2017",14:48,Manitoba Canoe & Kayak Centre,ON,1:53.315
C-2 - 1000m Female,Heat 1,"Monday, August 7, 2017",10:30,Manitoba Canoe & Kayak Centre,ON,4:48.190
C-2 - 1000m Female,Heat 1,"Monday, August 7, 2017",10:30,Manitoba Canoe & Kayak Centre,AB,5:44.750
C-2 - 1000m Female,Heat 1,"Monday, August 7, 2017",10:30,Manitoba Canoe & Kayak Centre,MB,4:49.330
C-2 - 1000m Female,Heat 1,"Monday, August 7, 2017",10:30,Manitoba Canoe & Kayak Centre,YT,6:02.540
C-2 - 1000m Female,Heat 2,"Monday, August 7, 2017",10:38,Manitoba Canoe & Kayak Centre,QC,4:44.150
C-2 - 1000m Female,Heat 2,"Monday, August 7, 2017",10:38,Manitoba Canoe & Kayak Centre,SK,5:03.900
C-2 - 1000m Female,Heat 2,"Monday, August 7, 2017",10:38,Manitoba Canoe & Kayak Centre,NS,4:51.160
C-2 - 1000m Female,Heat 2,"Monday, August 7, 2017",10:38,Manitoba Canoe & Kayak Centre,BC,5:23.780
C-2 - 1000m Female,Consolation Final,"Monday, August 7, 2017",14:30,Manitoba Canoe & Kayak Centre,BC,6:01.880
C-2 - 1000m Female,Consolation Final,"Monday, August 7, 2017",14:30,Manitoba Canoe & Kayak Centre,YT,6:49.500
C-2 - 1000m Female,Consolation Final,"Monday, August 7, 2017",14:30,Manitoba Canoe & Kayak Centre,AB,6:20.830
C-2 - 1000m Female,Final,"Monday, August 7, 2017",14:38,Manitoba Canoe & Kayak Centre,QC,4:25.720
C-2 - 1000m Female,Final,"Monday, August 7, 2017",14:38,Manitoba Canoe & Kayak Centre,ON,4:34.680
C-2 - 1000m Female,Final,"Monday, August 7, 2017",14:38,Manitoba Canoe & Kayak Centre,SK,4:57.320
C-2 - 1000m Female,Final,"Monday, August 7, 2017",14:38,Manitoba Canoe & Kayak Centre,MB,4:33.060
C-2 - 1000m Female,Final,"Monday, August 7, 2017",14:38,Manitoba Canoe & Kayak Centre,NS,4:35.470
C-2 - 1000m Male,Heat 1,"Monday, August 7, 2017",11:18,Manitoba Canoe & Kayak Centre,AB,4:10.290
C-2 - 1000m Male,Heat 1,"Monday, August 7, 2017",11:18,Manitoba Canoe & Kayak Centre,MB,4:29.050
C-2 - 1000m Male,Heat 1,"Monday, August 7, 2017",11:18,Manitoba Canoe & Kayak Centre,ON,4:12.170
C-2 - 1000m Male,Heat 2,"Monday, August 7, 2017",11:26,Manitoba Canoe & Kayak Centre,QC,4:11.130
C-2 - 1000m Male,Heat 2,"Monday, August 7, 2017",11:26,Manitoba Canoe & Kayak Centre,BC,4:25.980
C-2 - 1000m Male,Heat 2,"Monday, August 7, 2017",11:26,Manitoba Canoe & Kayak Centre,NS,4:17.070
C-2 - 1000m Male,Final,"Monday, August 7, 2017",15:26,Manitoba Canoe & Kayak Centre,QC,4:14.710
C-2 - 1000m Male,Final,"Monday, August 7, 2017",15:26,Manitoba Canoe & Kayak Centre,NS,4:15.680
C-2 - 1000m Male,Final,"Monday, August 7, 2017",15:26,Manitoba Canoe & Kayak Centre,BC,4:50.960
C-2 - 1000m Male,Final,"Monday, August 7, 2017",15:26,Manitoba Canoe & Kayak Centre,AB,4:15.610
C-2 - 1000m Male,Final,"Monday, August 7, 2017",15:26,Manitoba Canoe & Kayak Centre,ON,4:30.440
IC-4 - 200m Female,Heat 1,"Friday, August 11, 2017",09:40,Manitoba Canoe & Kayak Centre,ON,46.733
IC-4 - 200m Female,Heat 1,"Friday, August 11, 2017",09:40,Manitoba Canoe & Kayak Centre,AB,51.729
IC-4 - 200m Female,Heat 1,"Friday, August 11, 2017",09:40,Manitoba Canoe & Kayak Centre,NS,47.091
IC-4 - 200m Female,Heat 2,"Friday, August 11, 2017",09:45,Manitoba Canoe & Kayak Centre,MB,46.288
IC-4 - 200m Female,Heat 2,"Friday, August 11, 2017",09:45,Manitoba Canoe & Kayak Centre,SK,50.966
IC-4 - 200m Female,Heat 2,"Friday, August 11, 2017",09:45,Manitoba Canoe & Kayak Centre,QC,47.086
IC-4 - 200m Female,Heat 2,"Friday, August 11, 2017",09:45,Manitoba Canoe & Kayak Centre,BC,52.542
IC-4 - 200m Female,Consolation Final,"Friday, August 11, 2017",11:40,Manitoba Canoe & Kayak Centre,AB,51.230
IC-4 - 200m Female,Consolation Final,"Friday, August 11, 2017",11:40,Manitoba Canoe & Kayak Centre,BC,52.062
IC-4 - 200m Female,Final,"Friday, August 11, 2017",11:45,Manitoba Canoe & Kayak Centre,MB,44.420
IC-4 - 200m Female,Final,"Friday, August 11, 2017",11:45,Manitoba Canoe & Kayak Centre,NS,45.152
IC-4 - 200m Female,Final,"Friday, August 11, 2017",11:45,Manitoba Canoe & Kayak Centre,SK,50.433
IC-4 - 200m Female,Final,"Friday, August 11, 2017",11:45,Manitoba Canoe & Kayak Centre,QC,44.913
IC-4 - 200m Female,Final,"Friday, August 11, 2017",11:45,Manitoba Canoe & Kayak Centre,ON,45.431
IC-4 - 200m Male,Heat 1,"Thursday, August 10, 2017",09:50,Manitoba Canoe & Kayak Centre,AB,38.933
IC-4 - 200m Male,Heat 1,"Thursday, August 10, 2017",09:50,Manitoba Canoe & Kayak Centre,BC,42.136
IC-4 - 200m Male,Heat 1,"Thursday, August 10, 2017",09:50,Manitoba Canoe & Kayak Centre,NS,40.136
IC-4 - 200m Male,Heat 2,"Thursday, August 10, 2017",09:55,Manitoba Canoe & Kayak Centre,ON,38.967
IC-4 - 200m Male,Heat 2,"Thursday, August 10, 2017",09:55,Manitoba Canoe & Kayak Centre,MB,43.992
IC-4 - 200m Male,Heat 2,"Thursday, August 10, 2017",09:55,Manitoba Canoe & Kayak Centre,QC,40.177
IC-4 - 200m Male,Final,"Thursday, August 10, 2017",13:55,Manitoba Canoe & Kayak Centre,QC,37.381
IC-4 - 200m Male,Final,"Thursday, August 10, 2017",13:55,Manitoba Canoe & Kayak Centre,ON,38.337
IC-4 - 200m Male,Final,"Thursday, August 10, 2017",13:55,Manitoba Canoe & Kayak Centre,BC,41.529
IC-4 - 200m Male,Final,"Thursday, August 10, 2017",13:55,Manitoba Canoe & Kayak Centre,AB,37.616
IC-4 - 200m Male,Final,"Thursday, August 10, 2017",13:55,Manitoba Canoe & Kayak Centre,NS,38.512
IC-4 - 500m Female,Heat 1,"Tuesday, August 8, 2017",10:54,Manitoba Canoe & Kayak Centre,ON,1:59.920
IC-4 - 500m Female,Heat 1,"Tuesday, August 8, 2017",10:54,Manitoba Canoe & Kayak Centre,BC,2:16.790
IC-4 - 500m Female,Heat 1,"Tuesday, August 8, 2017",10:54,Manitoba Canoe & Kayak Centre,NS,2:01.110
IC-4 - 500m Female,Heat 2,"Tuesday, August 8, 2017",11:00,Manitoba Canoe & Kayak Centre,MB,1:59.690
IC-4 - 500m Female,Heat 2,"Tuesday, August 8, 2017",11:00,Manitoba Canoe & Kayak Centre,SK,2:08.790
IC-4 - 500m Female,Heat 2,"Tuesday, August 8, 2017",11:00,Manitoba Canoe & Kayak Centre,QC,1:59.930
IC-4 - 500m Female,Heat 2,"Tuesday, August 8, 2017",11:00,Manitoba Canoe & Kayak Centre,AB,2:13.970
IC-4 - 500m Female,Consolation Final,"Tuesday, August 8, 2017",14:54,Manitoba Canoe & Kayak Centre,AB,2:11.711
IC-4 - 500m Female,Consolation Final,"Tuesday, August 8, 2017",14:54,Manitoba Canoe & Kayak Centre,BC,2:13.751
IC-4 - 500m Female,Final,"Tuesday, August 8, 2017",15:00,Manitoba Canoe & Kayak Centre,QC,1:54.720
IC-4 - 500m Female,Final,"Tuesday, August 8, 2017",15:00,Manitoba Canoe & Kayak Centre,ON,1:56.052
IC-4 - 500m Female,Final,"Tuesday, August 8, 2017",15:00,Manitoba Canoe & Kayak Centre,SK,2:12.621
IC-4 - 500m Female,Final,"Tuesday, August 8, 2017",15:00,Manitoba Canoe & Kayak Centre,NS,1:54.792
IC-4 - 500m Female,Final,"Tuesday, August 8, 2017",15:00,Manitoba Canoe & Kayak Centre,MB,1:56.382
IC-4 - 1000m Male,Heat 1,"Thursday, August 10, 2017",11:06,Manitoba Canoe & Kayak Centre,ON,3:37.088
IC-4 - 1000m Male,Heat 1,"Thursday, August 10, 2017",11:06,Manitoba Canoe & Kayak Centre,BC,3:58.282
IC-4 - 1000m Male,Heat 1,"Thursday, August 10, 2017",11:06,Manitoba Canoe & Kayak Centre,AB,3:39.456
IC-4 - 1000m Male,Heat 2,"Thursday, August 10, 2017",11:12,Manitoba Canoe & Kayak Centre,NS,3:37.732
IC-4 - 1000m Male,Heat 2,"Thursday, August 10, 2017",11:12,Manitoba Canoe & Kayak Centre,MB,4:04.687
IC-4 - 1000m Male,Heat 2,"Thursday, August 10, 2017",11:12,Manitoba Canoe & Kayak Centre,QC,3:39.204
IC-4 - 1000m Male,Final,"Thursday, August 10, 2017",15:12,Manitoba Canoe & Kayak Centre,NS,3:30.277
IC-4 - 1000m Male,Final,"Thursday, August 10, 2017",15:12,Manitoba Canoe & Kayak Centre,ON,3:32.261
IC-4 - 1000m Male,Final,"Thursday, August 10, 2017",15:12,Manitoba Canoe & Kayak Centre,BC,4:01.878
IC-4 - 1000m Male,Final,"Thursday, August 10, 2017",15:12,Manitoba Canoe & Kayak Centre,QC,3:31.018
IC-4 - 1000m Male,Final,"Thursday, August 10, 2017",15:12,Manitoba Canoe & Kayak Centre,AB,3:34.889
K-1 - 200m Female,Heat 1,"Thursday, August 10, 2017",09:00,Manitoba Canoe & Kayak Centre,August Sibthorpe,44.40
K-1 - 200m Female,Heat 1,"Thursday, August 10, 2017",09:00,Manitoba Canoe & Kayak Centre,Stephanie Kendall,46.25
K-1 - 200m Female,Heat 1,"Thursday, August 10, 2017",09:00,Manitoba Canoe & Kayak Centre,Emma Donovan,45.94
K-1 - 200m Female,Heat 1,"Thursday, August 10, 2017",09:00,Manitoba Canoe & Kayak Centre,Jia Kim,49.99
K-1 - 200m Female,Heat 2,"Thursday, August 10, 2017",09:05,Manitoba Canoe & Kayak Centre,Grace Whebby,43.09
K-1 - 200m Female,Heat 2,"Thursday, August 10, 2017",09:05,Manitoba Canoe & Kayak Centre,Emma Mitchell,46.59
K-1 - 200m Female,Heat 2,"Thursday, August 10, 2017",09:05,Manitoba Canoe & Kayak Centre,Keisha Tomasik,44.09
K-1 - 200m Female,Heat 2,"Thursday, August 10, 2017",09:05,Manitoba Canoe & Kayak Centre,Savannah Cash,1:00.15
K-1 - 200m Female,Consolation Final,"Thursday, August 10, 2017",13:00,Manitoba Canoe & Kayak Centre,Emma Mitchell,47.60
K-1 - 200m Female,Consolation Final,"Thursday, August 10, 2017",13:00,Manitoba Canoe & Kayak Centre,Savannah Cash,59.56
K-1 - 200m Female,Consolation Final,"Thursday, August 10, 2017",13:00,Manitoba Canoe & Kayak Centre,Jia Kim,49.39
K-1 - 200m Female,Final,"Thursday, August 10, 2017",13:05,Manitoba Canoe & Kayak Centre,Grace Whebby,41.25
K-1 - 200m Female,Final,"Thursday, August 10, 2017",13:05,Manitoba Canoe & Kayak Centre,Keisha Tomasik,44.01
K-1 - 200m Female,Final,"Thursday, August 10, 2017",13:05,Manitoba Canoe & Kayak Centre,Stephanie Kendall,44.49
K-1 - 200m Female,Final,"Thursday, August 10, 2017",13:05,Manitoba Canoe & Kayak Centre,August Sibthorpe,41.74
K-1 - 200m Female,Final,"Thursday, August 10, 2017",13:05,Manitoba Canoe & Kayak Centre,Emma Donovan,44.21
K-1 - 200m Male,Heat 1,"Friday, August 11, 2017",09:10,Manitoba Canoe & Kayak Centre,Albert Lavigne,38.90
K-1 - 200m Male,Heat 1,"Friday, August 11, 2017",09:10,Manitoba Canoe & Kayak Centre,Nathan Mortin,39.59
K-1 - 200m Male,Heat 1,"Friday, August 11, 2017",09:10,Manitoba Canoe & Kayak Centre,Jérémie Bennett,41.74
K-1 - 200m Male,Heat 1,"Friday, August 11, 2017",09:10,Manitoba Canoe & Kayak Centre,James Lavallée,39.31
K-1 - 200m Male,Heat 1,"Friday, August 11, 2017",09:10,Manitoba Canoe & Kayak Centre,Cam Crowell,40.02
K-1 - 200m Male,Heat 2,"Friday, August 11, 2017",09:15,Manitoba Canoe & Kayak Centre,Nick Matveev,37.15
K-1 - 200m Male,Heat 2,"Friday, August 11, 2017",09:15,Manitoba Canoe & Kayak Centre,Matt Koehler,40.81
K-1 - 200m Male,Heat 2,"Friday, August 11, 2017",09:15,Manitoba Canoe & Kayak Centre,Paul LaPierre,38.10
K-1 - 200m Male,Heat 2,"Friday, August 11, 2017",09:15,Manitoba Canoe & Kayak Centre,Cole Wilkie-Hobus,57.33
K-1 - 200m Male,Consolation Final,"Friday, August 11, 2017",11:10,Manitoba Canoe & Kayak Centre,Cam Crowell,40.26
K-1 - 200m Male,Consolation Final,"Friday, August 11, 2017",11:10,Manitoba Canoe & Kayak Centre,Jérémie Bennett,41.48
K-1 - 200m Male,Consolation Final,"Friday, August 11, 2017",11:10,Manitoba Canoe & Kayak Centre,Matt Koehler,40.77
K-1 - 200m Male,Consolation Final,"Friday, August 11, 2017",11:10,Manitoba Canoe & Kayak Centre,Cole Wilkie-Hobus,57.03
K-1 - 200m Male,Final,"Friday, August 11, 2017",11:15,Manitoba Canoe & Kayak Centre,Nick Matveev,35.88
K-1 - 200m Male,Final,"Friday, August 11, 2017",11:15,Manitoba Canoe & Kayak Centre,Albert Lavigne,36.20
K-1 - 200m Male,Final,"Friday, August 11, 2017",11:15,Manitoba Canoe & Kayak Centre,Nathan Mortin,39.27
K-1 - 200m Male,Final,"Friday, August 11, 2017",11:15,Manitoba Canoe & Kayak Centre,James Lavallée,36.10
K-1 - 200m Male,Final,"Friday, August 11, 2017",11:15,Manitoba Canoe & Kayak Centre,Paul LaPierre,37.50
K-1 - 500m Female,Heat 1,"Monday, August 7, 2017",09:24,Manitoba Canoe & Kayak Centre,Hayley Plante,2:06.06
K-1 - 500m Female,Heat 1,"Monday, August 7, 2017",09:24,Manitoba Canoe & Kayak Centre,Emma Donovan,2:15.36
K-1 - 500m Female,Heat 1,"Monday, August 7, 2017",09:24,Manitoba Canoe & Kayak Centre,Jane Girgulis,2:10.37
K-1 - 500m Female,Heat 1,"Monday, August 7, 2017",09:24,Manitoba Canoe & Kayak Centre,Julianne Girouard,2:31.75
K-1 - 500m Female,Heat 2,"Monday, August 7, 2017",09:30,Manitoba Canoe & Kayak Centre,Keisha Tomasik,2:02.79
K-1 - 500m Female,Heat 2,"Monday, August 7, 2017",09:30,Manitoba Canoe & Kayak Centre,Cassidy MacPherson,2:12.14
K-1 - 500m Female,Heat 2,"Monday, August 7, 2017",09:30,Manitoba Canoe & Kayak Centre,Ashley Card,2:02.96
K-1 - 500m Female,Heat 2,"Monday, August 7, 2017",09:30,Manitoba Canoe & Kayak Centre,Emma Mitchell,2:12.19
K-1 - 500m Female,Consolation Final,"Monday, August 7, 2017",13:24,Manitoba Canoe & Kayak Centre,Emma Donovan,2:17.41
K-1 - 500m Female,Consolation Final,"Monday, August 7, 2017",13:24,Manitoba Canoe & Kayak Centre,Julianne Girouard,2:32.63
K-1 - 500m Female,Consolation Final,"Monday, August 7, 2017",13:24,Manitoba Canoe & Kayak Centre,Emma Mitchell,2:24.10
K-1 - 500m Female,Final,"Monday, August 7, 2017",13:30,Manitoba Canoe & Kayak Centre,Ashley Card,2:07.86
K-1 - 500m Female,Final,"Monday, August 7, 2017",13:30,Manitoba Canoe & Kayak Centre,Keisha Tomasik,2:10.21
K-1 - 500m Female,Final,"Monday, August 7, 2017",13:30,Manitoba Canoe & Kayak Centre,Cassidy MacPherson,2:21.56
K-1 - 500m Female,Final,"Monday, August 7, 2017",13:30,Manitoba Canoe & Kayak Centre,Hayley Plante,2:08.14
K-1 - 500m Female,Final,"Monday, August 7, 2017",13:30,Manitoba Canoe & Kayak Centre,Jane Girgulis,2:15.50
K-1 - 500m Male,Heat 1,"Monday, August 7, 2017",09:12,Manitoba Canoe & Kayak Centre,Nick Matveev,1:46.59
K-1 - 500m Male,Heat 1,"Monday, August 7, 2017",09:12,Manitoba Canoe & Kayak Centre,Alex Brent,1:48.59
K-1 - 500m Male,Heat 1,"Monday, August 7, 2017",09:12,Manitoba Canoe & Kayak Centre,Cole Wilkie-Hobus,2:37.76
K-1 - 500m Male,Heat 1,"Monday, August 7, 2017",09:12,Manitoba Canoe & Kayak Centre,James Lavallée,1:48.13
K-1 - 500m Male,Heat 1,"Monday, August 7, 2017",09:12,Manitoba Canoe & Kayak Centre,Colin Rieger,1:56.01
K-1 - 500m Male,Heat 2,"Monday, August 7, 2017",09:18,Manitoba Canoe & Kayak Centre,Zane Clarke,1:50.39
K-1 - 500m Male,Heat 2,"Monday, August 7, 2017",09:18,Manitoba Canoe & Kayak Centre,Cam Crowell,1:56.23
K-1 - 500m Male,Heat 2,"Monday, August 7, 2017",09:18,Manitoba Canoe & Kayak Centre,Victor Desaulniers,1:51.22
K-1 - 500m Male,Heat 2,"Monday, August 7, 2017",09:18,Manitoba Canoe & Kayak Centre,Jérémie Bennett,1:58.08
K-1 - 500m Male,Consolation Final,"Monday, August 7, 2017",13:12,Manitoba Canoe & Kayak Centre,Colin Rieger,1:53.32
K-1 - 500m Male,Consolation Final,"Monday, August 7, 2017",13:12,Manitoba Canoe & Kayak Centre,Jérémie Bennett,2:01.85
K-1 - 500m Male,Consolation Final,"Monday, August 7, 2017",13:12,Manitoba Canoe & Kayak Centre,Cam Crowell,1:59.79
K-1 - 500m Male,Consolation Final,"Monday, August 7, 2017",13:12,Manitoba Canoe & Kayak Centre,Cole Wilkie-Hobus,2:43.64
K-1 - 500m Male,Final,"Monday, August 7, 2017",13:18,Manitoba Canoe & Kayak Centre,Nick Matveev,1:46.23
K-1 - 500m Male,Final,"Monday, August 7, 2017",13:18,Manitoba Canoe & Kayak Centre,James Lavallée,1:49.66
K-1 - 500m Male,Final,"Monday, August 7, 2017",13:18,Manitoba Canoe & Kayak Centre,Alex Brent,2:03.40
K-1 - 500m Male,Final,"Monday, August 7, 2017",13:18,Manitoba Canoe & Kayak Centre,Zane Clarke,1:47.57
K-1 - 500m Male,Final,"Monday, August 7, 2017",13:18,Manitoba Canoe & Kayak Centre,Victor Desaulniers,1:50.31
K-1 - 1000m Female,Heat 1,"Tuesday, August 8, 2017",09:00,Manitoba Canoe & Kayak Centre,August Sibthorpe,4:08.12
K-1 - 1000m Female,Heat 1,"Tuesday, August 8, 2017",09:00,Manitoba Canoe & Kayak Centre,Cassidy MacPherson,4:14.07
K-1 - 1000m Female,Heat 1,"Tuesday, August 8, 2017",09:00,Manitoba Canoe & Kayak Centre,Jane Girgulis,4:12.95
K-1 - 1000m Female,Heat 1,"Tuesday, August 8, 2017",09:00,Manitoba Canoe & Kayak Centre,Channa Topping,4:30.65
K-1 - 1000m Female,Heat 2,"Tuesday, August 8, 2017",09:08,Manitoba Canoe & Kayak Centre,Ashley Card,4:23.67
K-1 - 1000m Female,Heat 2,"Tuesday, August 8, 2017",09:08,Manitoba Canoe & Kayak Centre,Emma Mitchell,4:25.29
K-1 - 1000m Female,Heat 2,"Tuesday, August 8, 2017",09:08,Manitoba Canoe & Kayak Centre,Corrina Destiny Higgins,4:23.85
K-1 - 1000m Female,Heat 2,"Tuesday, August 8, 2017",09:08,Manitoba Canoe & Kayak Centre,Emily Alexander Crist,DNF
K-1 - 1000m Female,Consolation Final,"Tuesday, August 8, 2017",13:00,Manitoba Canoe & Kayak Centre,Emma Mitchell,4:29.84
K-1 - 1000m Female,Consolation Final,"Tuesday, August 8, 2017",13:00,Manitoba Canoe & Kayak Centre,Emily Alexander Crist,DSQ
K-1 - 1000m Female,Consolation Final,"Tuesday, August 8, 2017",13:00,Manitoba Canoe & Kayak Centre,Channa Topping,4:31.09
K-1 - 1000m Female,Final,"Tuesday, August 8, 2017",13:08,Manitoba Canoe & Kayak Centre,August Sibthorpe,4:04.27
K-1 - 1000m Female,Final,"Tuesday, August 8, 2017",13:08,Manitoba Canoe & Kayak Centre,Jane Girgulis,4:12.40
K-1 - 1000m Female,Final,"Tuesday, August 8, 2017",13:08,Manitoba Canoe & Kayak Centre,Cassidy MacPherson,4:17.75
K-1 - 1000m Female,Final,"Tuesday, August 8, 2017",13:08,Manitoba Canoe & Kayak Centre,Ashley Card,4:10.21
K-1 - 1000m Female,Final,"Tuesday, August 8, 2017",13:08,Manitoba Canoe & Kayak Centre,Corrina Destiny Higgins,4:13.29
K-1 - 1000m Male,Heat 1,"Tuesday, August 8, 2017",09:48,Manitoba Canoe & Kayak Centre,Alex Brent,3:39.27
K-1 - 1000m Male,Heat 1,"Tuesday, August 8, 2017",09:48,Manitoba Canoe & Kayak Centre,James Lavallée,3:45.29
K-1 - 1000m Male,Heat 1,"Tuesday, August 8, 2017",09:48,Manitoba Canoe & Kayak Centre,Jérémie Bennett,3:58.89
K-1 - 1000m Male,Heat 1,"Tuesday, August 8, 2017",09:48,Manitoba Canoe & Kayak Centre,Oskar Bruce Morawski,3:40.62
K-1 - 1000m Male,Heat 1,"Tuesday, August 8, 2017",09:48,Manitoba Canoe & Kayak Centre,Jack Hall,3:57.56
K-1 - 1000m Male,Heat 2,"Tuesday, August 8, 2017",09:56,Manitoba Canoe & Kayak Centre,Zane Clarke,3:40.70
K-1 - 1000m Male,Heat 2,"Tuesday, August 8, 2017",09:56,Manitoba Canoe & Kayak Centre,Nathan Mortin,3:49.89
K-1 - 1000m Male,Heat 2,"Tuesday, August 8, 2017",09:56,Manitoba Canoe & Kayak Centre,Vincent Jourdenais,3:40.88
K-1 - 1000m Male,Heat 2,"Tuesday, August 8, 2017",09:56,Manitoba Canoe & Kayak Centre,Cole Wilkie-Hobus,5:10.15
K-1 - 1000m Male,Consolation Final,"Tuesday, August 8, 2017",13:48,Manitoba Canoe & Kayak Centre,Nathan Mortin,3:48.78
K-1 - 1000m Male,Consolation Final,"Tuesday, August 8, 2017",13:48,Manitoba Canoe & Kayak Centre,Jack Hall,3:57.84
K-1 - 1000m Male,Consolation Final,"Tuesday, August 8, 2017",13:48,Manitoba Canoe & Kayak Centre,Jérémie Bennett,3:49.27
K-1 - 1000m Male,Consolation Final,"Tuesday, August 8, 2017",13:48,Manitoba Canoe & Kayak Centre,Cole Wilkie-Hobus,5:02.17
K-1 - 1000m Male,Final,"Tuesday, August 8, 2017",13:56,Manitoba Canoe & Kayak Centre,Zane Clarke,3:36.28
K-1 - 1000m Male,Final,"Tuesday, August 8, 2017",13:56,Manitoba Canoe & Kayak Centre,Alex Brent,3:38.32
K-1 - 1000m Male,Final,"Tuesday, August 8, 2017",13:56,Manitoba Canoe & Kayak Centre,James Lavallée,3:43.58
K-1 - 1000m Male,Final,"Tuesday, August 8, 2017",13:56,Manitoba Canoe & Kayak Centre,Vincent Jourdenais,3:37.22
K-1 - 1000m Male,Final,"Tuesday, August 8, 2017",13:56,Manitoba Canoe & Kayak Centre,Oskar Bruce Morawski,3:39.52
K-1 - 5000m Female,Final,"Friday, August 11, 2017",13:30,Manitoba Canoe & Kayak Centre,Cassidy MacPherson,21:13.71
K-1 - 5000m Female,Final,"Friday, August 11, 2017",13:30,Manitoba Canoe & Kayak Centre,Emma Mitchell,21:50.95
K-1 - 5000m Female,Final,"Friday, August 11, 2017",13:30,Manitoba Canoe & Kayak Centre,Katherine Markhauser,22:43.83
K-1 - 5000m Female,Final,"Friday, August 11, 2017",13:30,Manitoba Canoe & Kayak Centre,Emily Alexander Crist,24:43.15
K-1 - 5000m Female,Final,"Friday, August 11, 2017",13:30,Manitoba Canoe & Kayak Centre,Jane Girgulis,21:39.14
K-1 - 5000m Female,Final,"Friday, August 11, 2017",13:30,Manitoba Canoe & Kayak Centre,Channa Topping,22:39.18
K-1 - 5000m Female,Final,"Friday, August 11, 2017",13:30,Manitoba Canoe & Kayak Centre,Lexy Vincent,23:37.56
K-1 - 5000m Female,Final,"Friday, August 11, 2017",13:30,Manitoba Canoe & Kayak Centre,Anna Negulic,25:06.76
K-1 - 5000m Male,Final,"Friday, August 11, 2017",15:10,Manitoba Canoe & Kayak Centre,Mitchell Barran,19:08.60
K-1 - 5000m Male,Final,"Friday, August 11, 2017",15:10,Manitoba Canoe & Kayak Centre,Alex Brent,19:16.32
K-1 - 5000m Male,Final,"Friday, August 11, 2017",15:10,Manitoba Canoe & Kayak Centre,Nicolas Thirion,19:54.06
K-1 - 5000m Male,Final,"Friday, August 11, 2017",15:10,Manitoba Canoe & Kayak Centre,Jérémie Bennett,20:49.82
K-1 - 5000m Male,Final,"Friday, August 11, 2017",15:10,Manitoba Canoe & Kayak Centre,Mark Marschalko,19:12.57
K-1 - 5000m Male,Final,"Friday, August 11, 2017",15:10,Manitoba Canoe & Kayak Centre,James Lavallée,19:23.13
K-1 - 5000m Male,Final,"Friday, August 11, 2017",15:10,Manitoba Canoe & Kayak Centre,Daniel McCullough,20:23.04
K-1 - 5000m Male,Final,"Friday, August 11, 2017",15:10,Manitoba Canoe & Kayak Centre,Maxwell Ian Lohoar,20:57.91
K-2 - 200m Female,Heat 1,"Friday, August 11, 2017",09:20,Manitoba Canoe & Kayak Centre,ON,41.838
K-2 - 200m Female,Heat 1,"Friday, August 11, 2017",09:20,Manitoba Canoe & Kayak Centre,MB,45.680
K-2 - 200m Female,Heat 1,"Friday, August 11, 2017",09:20,Manitoba Canoe & Kayak Centre,AB,43.400
K-2 - 200m Female,Heat 1,"Friday, August 11, 2017",09:20,Manitoba Canoe & Kayak Centre,YT,58.976
K-2 - 200m Female,Heat 2,"Friday, August 11, 2017",09:25,Manitoba Canoe & Kayak Centre,NS,41.807
K-2 - 200m Female,Heat 2,"Friday, August 11, 2017",09:25,Manitoba Canoe & Kayak Centre,SK,44.512
K-2 - 200m Female,Heat 2,"Friday, August 11, 2017",09:25,Manitoba Canoe & Kayak Centre,QC,42.534
K-2 - 200m Female,Heat 2,"Friday, August 11, 2017",09:25,Manitoba Canoe & Kayak Centre,BC,46.290
K-2 - 200m Female,Consolation Final,"Friday, August 11, 2017",11:20,Manitoba Canoe & Kayak Centre,BC,45.377
K-2 - 200m Female,Consolation Final,"Friday, August 11, 2017",11:20,Manitoba Canoe & Kayak Centre,YT,58.109
K-2 - 200m Female,Consolation Final,"Friday, August 11, 2017",11:20,Manitoba Canoe & Kayak Centre,MB,45.617
K-2 - 200m Female,Final,"Friday, August 11, 2017",11:25,Manitoba Canoe & Kayak Centre,NS,40.053
K-2 - 200m Female,Final,"Friday, August 11, 2017",11:25,Manitoba Canoe & Kayak Centre,QC,41.519
K-2 - 200m Female,Final,"Friday, August 11, 2017",11:25,Manitoba Canoe & Kayak Centre,SK,43.217
K-2 - 200m Female,Final,"Friday, August 11, 2017",11:25,Manitoba Canoe & Kayak Centre,ON,40.270
K-2 - 200m Female,Final,"Friday, August 11, 2017",11:25,Manitoba Canoe & Kayak Centre,AB,41.946
K-2 - 200m Male,Heat 1,"Thursday, August 10, 2017",09:30,Manitoba Canoe & Kayak Centre,QC,33.638
K-2 - 200m Male,Heat 1,"Thursday, August 10, 2017",09:30,Manitoba Canoe & Kayak Centre,SK,36.054
K-2 - 200m Male,Heat 1,"Thursday, August 10, 2017",09:30,Manitoba Canoe & Kayak Centre,AB,40.325
K-2 - 200m Male,Heat 1,"Thursday, August 10, 2017",09:30,Manitoba Canoe & Kayak Centre,MB,35.618
K-2 - 200m Male,Heat 1,"Thursday, August 10, 2017",09:30,Manitoba Canoe & Kayak Centre,NB,38.012
K-2 - 200m Male,Heat 2,"Thursday, August 10, 2017",09:35,Manitoba Canoe & Kayak Centre,ON,34.424
K-2 - 200m Male,Heat 2,"Thursday, August 10, 2017",09:35,Manitoba Canoe & Kayak Centre,BC,39.540
K-2 - 200m Male,Heat 2,"Thursday, August 10, 2017",09:35,Manitoba Canoe & Kayak Centre,NS,34.469
K-2 - 200m Male,Heat 2,"Thursday, August 10, 2017",09:35,Manitoba Canoe & Kayak Centre,YT,56.668
K-2 - 200m Male,Consolation Final,"Thursday, August 10, 2017",13:30,Manitoba Canoe & Kayak Centre,NB,37.989
K-2 - 200m Male,Consolation Final,"Thursday, August 10, 2017",13:30,Manitoba Canoe & Kayak Centre,BC,39.108
K-2 - 200m Male,Consolation Final,"Thursday, August 10, 2017",13:30,Manitoba Canoe & Kayak Centre,AB,38.855
K-2 - 200m Male,Consolation Final,"Thursday, August 10, 2017",13:30,Manitoba Canoe & Kayak Centre,YT,55.971
K-2 - 200m Male,Final,"Thursday, August 10, 2017",13:35,Manitoba Canoe & Kayak Centre,QC,33.141
K-2 - 200m Male,Final,"Thursday, August 10, 2017",13:35,Manitoba Canoe & Kayak Centre,ON,34.699
K-2 - 200m Male,Final,"Thursday, August 10, 2017",13:35,Manitoba Canoe & Kayak Centre,SK,35.881
K-2 - 200m Male,Final,"Thursday, August 10, 2017",13:35,Manitoba Canoe & Kayak Centre,NS,34.200
K-2 - 200m Male,Final,"Thursday, August 10, 2017",13:35,Manitoba Canoe & Kayak Centre,MB,35.005
K-2 - 500m Female,Heat 1,"Tuesday, August 8, 2017",10:30,Manitoba Canoe & Kayak Centre,ON,1:50.400
K-2 - 500m Female,Heat 1,"Tuesday, August 8, 2017",10:30,Manitoba Canoe & Kayak Centre,SK,2:08.860
K-2 - 500m Female,Heat 1,"Tuesday, August 8, 2017",10:30,Manitoba Canoe & Kayak Centre,AB,1:55.010
K-2 - 500m Female,Heat 1,"Tuesday, August 8, 2017",10:30,Manitoba Canoe & Kayak Centre,YT,2:19.140
K-2 - 500m Female,Heat 2,"Tuesday, August 8, 2017",10:36,Manitoba Canoe & Kayak Centre,NS,1:49.290
K-2 - 500m Female,Heat 2,"Tuesday, August 8, 2017",10:36,Manitoba Canoe & Kayak Centre,MB,1:55.790
K-2 - 500m Female,Heat 2,"Tuesday, August 8, 2017",10:36,Manitoba Canoe & Kayak Centre,QC,1:49.490
K-2 - 500m Female,Heat 2,"Tuesday, August 8, 2017",10:36,Manitoba Canoe & Kayak Centre,BC,2:01.190
K-2 - 500m Female,Consolation Final,"Tuesday, August 8, 2017",14:30,Manitoba Canoe & Kayak Centre,BC,2:03.095
K-2 - 500m Female,Consolation Final,"Tuesday, August 8, 2017",14:30,Manitoba Canoe & Kayak Centre,YT,2:16.707
K-2 - 500m Female,Consolation Final,"Tuesday, August 8, 2017",14:30,Manitoba Canoe & Kayak Centre,SK,2:07.116
K-2 - 500m Female,Final,"Tuesday, August 8, 2017",14:36,Manitoba Canoe & Kayak Centre,ON,1:45.512
K-2 - 500m Female,Final,"Tuesday, August 8, 2017",14:36,Manitoba Canoe & Kayak Centre,NS,1:48.276
K-2 - 500m Female,Final,"Tuesday, August 8, 2017",14:36,Manitoba Canoe & Kayak Centre,MB,1:58.430
K-2 - 500m Female,Final,"Tuesday, August 8, 2017",14:36,Manitoba Canoe & Kayak Centre,QC,1:47.585
K-2 - 500m Female,Final,"Tuesday, August 8, 2017",14:36,Manitoba Canoe & Kayak Centre,AB,1:50.786
K-2 - 500m Male,Heat 1,"Thursday, August 10, 2017",10:42,Manitoba Canoe & Kayak Centre,ON,1:35.529
K-2 - 500m Male,Heat 1,"Thursday, August 10, 2017",10:42,Manitoba Canoe & Kayak Centre,MB,1:36.721
K-2 - 500m Male,Heat 1,"Thursday, August 10, 2017",10:42,Manitoba Canoe & Kayak Centre,SK,1:40.313
K-2 - 500m Male,Heat 1,"Thursday, August 10, 2017",10:42,Manitoba Canoe & Kayak Centre,BC,1:35.609
K-2 - 500m Male,Heat 1,"Thursday, August 10, 2017",10:42,Manitoba Canoe & Kayak Centre,NB,1:39.997
K-2 - 500m Male,Heat 2,"Thursday, August 10, 2017",10:48,Manitoba Canoe & Kayak Centre,QC,1:37.340
K-2 - 500m Male,Heat 2,"Thursday, August 10, 2017",10:48,Manitoba Canoe & Kayak Centre,AB,1:44.949
K-2 - 500m Male,Heat 2,"Thursday, August 10, 2017",10:48,Manitoba Canoe & Kayak Centre,NS,1:40.276
K-2 - 500m Male,Heat 2,"Thursday, August 10, 2017",10:48,Manitoba Canoe & Kayak Centre,YT,2:25.771
K-2 - 500m Male,Consolation Final,"Thursday, August 10, 2017",14:42,Manitoba Canoe & Kayak Centre,SK,1:37.849
K-2 - 500m Male,Consolation Final,"Thursday, August 10, 2017",14:42,Manitoba Canoe & Kayak Centre,AB,1:42.817
K-2 - 500m Male,Consolation Final,"Thursday, August 10, 2017",14:42,Manitoba Canoe & Kayak Centre,NB,1:38.471
K-2 - 500m Male,Consolation Final,"Thursday, August 10, 2017",14:42,Manitoba Canoe & Kayak Centre,YT,2:22.321
K-2 - 500m Male,Final,"Thursday, August 10, 2017",14:48,Manitoba Canoe & Kayak Centre,QC,1:32.377
K-2 - 500m Male,Final,"Thursday, August 10, 2017",14:48,Manitoba Canoe & Kayak Centre,ON,1:33.671
K-2 - 500m Male,Final,"Thursday, August 10, 2017",14:48,Manitoba Canoe & Kayak Centre,MB,1:37.257
K-2 - 500m Male,Final,"Thursday, August 10, 2017",14:48,Manitoba Canoe & Kayak Centre,NS,1:33.506
K-2 - 500m Male,Final,"Thursday, August 10, 2017",14:48,Manitoba Canoe & Kayak Centre,BC,1:35.807
K-2 - 1000m Female,Heat 1,"Monday, August 7, 2017",11:02,Manitoba Canoe & Kayak Centre,ON,4:01.380
K-2 - 1000m Female,Heat 1,"Monday, August 7, 2017",11:02,Manitoba Canoe & Kayak Centre,SK,4:22.840
K-2 - 1000m Female,Heat 1,"Monday, August 7, 2017",11:02,Manitoba Canoe & Kayak Centre,AB,4:15.090
K-2 - 1000m Female,Heat 1,"Monday, August 7, 2017",11:02,Manitoba Canoe & Kayak Centre,MB,4:23.840
K-2 - 1000m Female,Heat 2,"Monday, August 7, 2017",11:10,Manitoba Canoe & Kayak Centre,NS,4:15.760
K-2 - 1000m Female,Heat 2,"Monday, August 7, 2017",11:10,Manitoba Canoe & Kayak Centre,BC,4:32.540
K-2 - 1000m Female,Heat 2,"Monday, August 7, 2017",11:10,Manitoba Canoe & Kayak Centre,QC,4:19.010
K-2 - 1000m Female,Heat 2,"Monday, August 7, 2017",11:10,Manitoba Canoe & Kayak Centre,YT,5:03.250
K-2 - 1000m Female,Consolation Final,"Monday, August 7, 2017",15:02,Manitoba Canoe & Kayak Centre,MB,4:47.790
K-2 - 1000m Female,Consolation Final,"Monday, August 7, 2017",15:02,Manitoba Canoe & Kayak Centre,YT,5:20.880
K-2 - 1000m Female,Consolation Final,"Monday, August 7, 2017",15:02,Manitoba Canoe & Kayak Centre,BC,4:50.970
K-2 - 1000m Female,Final,"Monday, August 7, 2017",15:10,Manitoba Canoe & Kayak Centre,ON,4:04.670
K-2 - 1000m Female,Final,"Monday, August 7, 2017",15:10,Manitoba Canoe & Kayak Centre,AB,4:14.640
K-2 - 1000m Female,Final,"Monday, August 7, 2017",15:10,Manitoba Canoe & Kayak Centre,SK,4:41.190
K-2 - 1000m Female,Final,"Monday, August 7, 2017",15:10,Manitoba Canoe & Kayak Centre,NS,4:10.080
K-2 - 1000m Female,Final,"Monday, August 7, 2017",15:10,Manitoba Canoe & Kayak Centre,QC,4:15.490
K-2 - 1000m Male,Heat 1,"Monday, August 7, 2017",10:46,Manitoba Canoe & Kayak Centre,ON,3:39.470
K-2 - 1000m Male,Heat 1,"Monday, August 7, 2017",10:46,Manitoba Canoe & Kayak Centre,MB,3:45.570
K-2 - 1000m Male,Heat 1,"Monday, August 7, 2017",10:46,Manitoba Canoe & Kayak Centre,NB,4:00.910
K-2 - 1000m Male,Heat 1,"Monday, August 7, 2017",10:46,Manitoba Canoe & Kayak Centre,BC,3:44.120
K-2 - 1000m Male,Heat 1,"Monday, August 7, 2017",10:46,Manitoba Canoe & Kayak Centre,SK,3:49.160
K-2 - 1000m Male,Heat 2,"Monday, August 7, 2017",10:54,Manitoba Canoe & Kayak Centre,QC,3:37.790
K-2 - 1000m Male,Heat 2,"Monday, August 7, 2017",10:54,Manitoba Canoe & Kayak Centre,AB,4:08.490
K-2 - 1000m Male,Heat 2,"Monday, August 7, 2017",10:54,Manitoba Canoe & Kayak Centre,NS,3:49.960
K-2 - 1000m Male,Heat 2,"Monday, August 7, 2017",10:54,Manitoba Canoe & Kayak Centre,YT,5:12.860
K-2 - 1000m Male,Consolation Final,"Monday, August 7, 2017",14:46,Manitoba Canoe & Kayak Centre,SK,4:02.670
K-2 - 1000m Male,Consolation Final,"Monday, August 7, 2017",14:46,Manitoba Canoe & Kayak Centre,NB,4:13.690
K-2 - 1000m Male,Consolation Final,"Monday, August 7, 2017",14:46,Manitoba Canoe & Kayak Centre,AB,4:10.850
K-2 - 1000m Male,Consolation Final,"Monday, August 7, 2017",14:46,Manitoba Canoe & Kayak Centre,YT,5:29.860
K-2 - 1000m Male,Final,"Monday, August 7, 2017",14:54,Manitoba Canoe & Kayak Centre,NS,3:36.330
K-2 - 1000m Male,Final,"Monday, August 7, 2017",14:54,Manitoba Canoe & Kayak Centre,ON,3:40.230
K-2 - 1000m Male,Final,"Monday, August 7, 2017",14:54,Manitoba Canoe & Kayak Centre,MB,3:51.330
K-2 - 1000m Male,Final,"Monday, August 7, 2017",14:54,Manitoba Canoe & Kayak Centre,QC,3:37.530
K-2 - 1000m Male,Final,"Monday, August 7, 2017",14:54,Manitoba Canoe & Kayak Centre,BC,3:50.290
K-4 - 200m Female,Heat 1,"Thursday, August 10, 2017",09:40,Manitoba Canoe & Kayak Centre,ON,38.691
K-4 - 200m Female,Heat 1,"Thursday, August 10, 2017",09:40,Manitoba Canoe & Kayak Centre,SK,42.216
K-4 - 200m Female,Heat 1,"Thursday, August 10, 2017",09:40,Manitoba Canoe & Kayak Centre,AB,41.516
K-4 - 200m Female,Heat 1,"Thursday, August 10, 2017",09:40,Manitoba Canoe & Kayak Centre,YT,48.783
K-4 - 200m Female,Heat 2,"Thursday, August 10, 2017",09:45,Manitoba Canoe & Kayak Centre,NS,38.367
K-4 - 200m Female,Heat 2,"Thursday, August 10, 2017",09:45,Manitoba Canoe & Kayak Centre,BC,43.015
K-4 - 200m Female,Heat 2,"Thursday, August 10, 2017",09:45,Manitoba Canoe & Kayak Centre,QC,39.940
K-4 - 200m Female,Heat 2,"Thursday, August 10, 2017",09:45,Manitoba Canoe & Kayak Centre,MB,45.869
K-4 - 200m Female,Consolation Final,"Thursday, August 10, 2017",13:40,Manitoba Canoe & Kayak Centre,BC,42.375
K-4 - 200m Female,Consolation Final,"Thursday, August 10, 2017",13:40,Manitoba Canoe & Kayak Centre,YT,49.213
K-4 - 200m Female,Consolation Final,"Thursday, August 10, 2017",13:40,Manitoba Canoe & Kayak Centre,MB,44.973
K-4 - 200m Female,Final,"Thursday, August 10, 2017",13:45,Manitoba Canoe & Kayak Centre,NS,37.489
K-4 - 200m Female,Final,"Thursday, August 10, 2017",13:45,Manitoba Canoe & Kayak Centre,QC,39.241
K-4 - 200m Female,Final,"Thursday, August 10, 2017",13:45,Manitoba Canoe & Kayak Centre,SK,41.558
K-4 - 200m Female,Final,"Thursday, August 10, 2017",13:45,Manitoba Canoe & Kayak Centre,ON,37.731
K-4 - 200m Female,Final,"Thursday, August 10, 2017",13:45,Manitoba Canoe & Kayak Centre,AB,41.443
K-4 - 200m Male,Heat 1,"Friday, August 11, 2017",09:50,Manitoba Canoe & Kayak Centre,QC,33.452
K-4 - 200m Male,Heat 1,"Friday, August 11, 2017",09:50,Manitoba Canoe & Kayak Centre,NB,38.857
K-4 - 200m Male,Heat 1,"Friday, August 11, 2017",09:50,Manitoba Canoe & Kayak Centre,MB,34.947
K-4 - 200m Male,Heat 1,"Friday, August 11, 2017",09:50,Manitoba Canoe & Kayak Centre,AB,DNF
K-4 - 200m Male,Heat 2,"Friday, August 11, 2017",09:55,Manitoba Canoe & Kayak Centre,NS,33.249
K-4 - 200m Male,Heat 2,"Friday, August 11, 2017",09:55,Manitoba Canoe & Kayak Centre,SK,35.246
K-4 - 200m Male,Heat 2,"Friday, August 11, 2017",09:55,Manitoba Canoe & Kayak Centre,ON,35.038
K-4 - 200m Male,Heat 2,"Friday, August 11, 2017",09:55,Manitoba Canoe & Kayak Centre,BC,36.187
K-4 - 200m Male,Consolation Final,"Friday, August 11, 2017",11:50,Manitoba Canoe & Kayak Centre,BC,35.993
K-4 - 200m Male,Consolation Final,"Friday, August 11, 2017",11:50,Manitoba Canoe & Kayak Centre,NB,38.103
K-4 - 200m Male,Final,"Friday, August 11, 2017",11:55,Manitoba Canoe & Kayak Centre,QC,30.968
K-4 - 200m Male,Final,"Friday, August 11, 2017",11:55,Manitoba Canoe & Kayak Centre,MB,32.951
K-4 - 200m Male,Final,"Friday, August 11, 2017",11:55,Manitoba Canoe & Kayak Centre,SK,33.417
K-4 - 200m Male,Final,"Friday, August 11, 2017",11:55,Manitoba Canoe & Kayak Centre,NS,31.767
K-4 - 200m Male,Final,"Friday, August 11, 2017",11:55,Manitoba Canoe & Kayak Centre,ON,33.256
K-4 - 500m Female,Heat 1,"Thursday, August 10, 2017",10:54,Manitoba Canoe & Kayak Centre,ON,1:38.803
K-4 - 500m Female,Heat 1,"Thursday, August 10, 2017",10:54,Manitoba Canoe & Kayak Centre,SK,1:49.056
K-4 - 500m Female,Heat 1,"Thursday, August 10, 2017",10:54,Manitoba Canoe & Kayak Centre,AB,1:46.043
K-4 - 500m Female,Heat 1,"Thursday, August 10, 2017",10:54,Manitoba Canoe & Kayak Centre,MB,1:53.505
K-4 - 500m Female,Heat 2,"Thursday, August 10, 2017",11:00,Manitoba Canoe & Kayak Centre,NS,1:41.845
K-4 - 500m Female,Heat 2,"Thursday, August 10, 2017",11:00,Manitoba Canoe & Kayak Centre,BC,1:50.012
K-4 - 500m Female,Heat 2,"Thursday, August 10, 2017",11:00,Manitoba Canoe & Kayak Centre,QC,1:42.672
K-4 - 500m Female,Consolation Final,"Thursday, August 10, 2017",14:51,Manitoba Canoe & Kayak Centre,BC,1:51.710
K-4 - 500m Female,Consolation Final,"Thursday, August 10, 2017",14:51,Manitoba Canoe & Kayak Centre,MB,1:58.342
K-4 - 500m Female,Final,"Thursday, August 10, 2017",15:00,Manitoba Canoe & Kayak Centre,ON,1:37.792
K-4 - 500m Female,Final,"Thursday, August 10, 2017",15:00,Manitoba Canoe & Kayak Centre,QC,1:42.924
K-4 - 500m Female,Final,"Thursday, August 10, 2017",15:00,Manitoba Canoe & Kayak Centre,AB,DNF
K-4 - 500m Female,Final,"Thursday, August 10, 2017",15:00,Manitoba Canoe & Kayak Centre,NS,1:39.947
K-4 - 500m Female,Final,"Thursday, August 10, 2017",15:00,Manitoba Canoe & Kayak Centre,SK,1:52.707
K-4 - 1000m Male,Heat 1,"Tuesday, August 8, 2017",11:06,Manitoba Canoe & Kayak Centre,ON,3:14.230
K-4 - 1000m Male,Heat 1,"Tuesday, August 8, 2017",11:06,Manitoba Canoe & Kayak Centre,NB,3:32.050
K-4 - 1000m Male,Heat 1,"Tuesday, August 8, 2017",11:06,Manitoba Canoe & Kayak Centre,MB,3:16.550
K-4 - 1000m Male,Heat 1,"Tuesday, August 8, 2017",11:06,Manitoba Canoe & Kayak Centre,AB,3:46.510
K-4 - 1000m Male,Heat 2,"Tuesday, August 8, 2017",11:14,Manitoba Canoe & Kayak Centre,QC,3:09.470
K-4 - 1000m Male,Heat 2,"Tuesday, August 8, 2017",11:14,Manitoba Canoe & Kayak Centre,BC,3:13.570
K-4 - 1000m Male,Heat 2,"Tuesday, August 8, 2017",11:14,Manitoba Canoe & Kayak Centre,NS,3:11.340
K-4 - 1000m Male,Heat 2,"Tuesday, August 8, 2017",11:14,Manitoba Canoe & Kayak Centre,SK,3:14.790
K-4 - 1000m Male,Consolation Final,"Tuesday, August 8, 2017",15:06,Manitoba Canoe & Kayak Centre,SK,3:18.447
K-4 - 1000m Male,Consolation Final,"Tuesday, August 8, 2017",15:06,Manitoba Canoe & Kayak Centre,AB,3:51.030
K-4 - 1000m Male,Consolation Final,"Tuesday, August 8, 2017",15:06,Manitoba Canoe & Kayak Centre,NB,3:33.031
K-4 - 1000m Male,Final,"Tuesday, August 8, 2017",15:14,Manitoba Canoe & Kayak Centre,QC,3:00.471
K-4 - 1000m Male,Final,"Tuesday, August 8, 2017",15:14,Manitoba Canoe & Kayak Centre,ON,3:01.635
K-4 - 1000m Male,Final,"Tuesday, August 8, 2017",15:14,Manitoba Canoe & Kayak Centre,MB,3:13.078
K-4 - 1000m Male,Final,"Tuesday, August 8, 2017",15:14,Manitoba Canoe & Kayak Centre,NS,3:01.140
K-4 - 1000m Male,Final,"Tuesday, August 8, 2017",15:14,Manitoba Canoe & Kayak Centre,BC,3:12.265
