,Team Name,Team Members,Team Competitions,Team Event,Team Contingent,Team Final Position
0,AB,"Bella McKee, Bree Kennedy, Payton Laumbach, Lyndsey Janes, Kassy Betinol, Sierra LaPlante, Jaden Bogden, Brooklyn Schroeder, Aliya Jomha, Rachel Weiss, Teghan Inglis, Sarah Wozniewicz, Hayleigh Craig, Caroline Gosling, Brooklyn Tews, Isabelle Lajoie, Stephanie Markowski, Alex Spence, Jordan Mortlock, Danielle Serdachny","Game 06, Game 17, Game 29, Game 12, Game 21, Gold Medal Game (W29 v W30)",Hockey Female,Alberta,Gold
1,AB,"Kelsey Ayers, Elizabeth Battista, Dana Brunskill, Jaime Czarkowski, Natalie Greenfield, Teah Hoffmann, Camryn Hooey, Adora Kruger, Rosemary Stuart, Kiana Sweet","Technical Routine, Free Routine, Technical Routine, Free Routine",Artistic Swimming Team Female,Alberta,Gold
2,AB,"Bradon Doll, Jonathan Bilan, Ben Tumack, Reed De'Aeth, Jalen Shannon, Branden Troutman, Andrea Nickerson, Helaina Cyr, Romissaa Hassan, Jamie Cole, Ceilidh Nordell, Jayna Doll","Game 02, Game 10, Game 20 (1B vs. 2A), Game 05, Game 13, Gold Medal Match (W19 vs. W20)",Wheelchair Basketball Mix,Alberta,Gold
3,AB,"Cezara Bere, Victoria Goplen, Caitlin Pelkey, Hee-Won Son, Molly Young","Relay Heat 50B, Relay Final 52A",Speed Skating Short Track - Team Relay Female,Alberta,Silver
4,AB,"Zachary Blakely, Alex Boucher, Kalena Soehn, Nolan Zurek","Female Routine, Male Routine",Gymnastics Trampoline - Team Mix,Alberta,Silver
5,AB,"Anthony Chen, Daniel Jiang, James Li","Encounter 2B, Encounter 207, Encounter E_PLC5/6, Encounter 3B, Encounter 210",Table Tennis Team Male,Alberta,5
6,AB,"Anthony Chen, Daniel Jiang","Encounter 2B, Encounter 210, Bronze Medal, Encounter 3B, Encounter 3A",Table Tennis Doubles Male,Alberta,4
7,AB,"Karly Coyne, Pascale Paradis, Jenna Sherrington, Naomi Walch",Race,Biathlon 3 x 6 km Relay Female,Alberta,Gold
8,AB,"Julia Bakos, Julianna MacKenzie, Alyssa Nedohin, Quinn Prodaniuk","Draw 1 - Sheet 06, Draw 4 - Sheet 08, Draw 7 - Sheet 02, Draw 9 - Sheet 11, Draw 11 - Sheet 03, Quarterfinals (3rd vs. 6th) - Sheet 11, Draw 3 - Sheet 10, Draw 5 - Sheet 04, Draw 8 - Sheet 05, Draw 10 - Sheet 09, Draw 12 - Sheet 07",Curling Female,Alberta,5
9,AB,"Anna Bourgeois, Brooklyn McDougall, Kayla McNeely, Cassidy Peterson",Finals,Speed Skating Long Track - Team Pursuit Female,Alberta,Silver
10,AB,"Mohamed Kamal, Ben Boulanger, Seif Elfiky, Antonio Mendes","Encounter 004, Encounter 015, Encounter 031, Bronze Medal, Encounter 010, Encounter 023, Encounter 101",Squash Team Competition Male,Alberta,Bronze
11,AB,"Aaron Cox, Vanessa Estephan","Total of Round 1 and Round 2, Round 2, Elimination 101, Round 1, Elimination 001, Elimination 201 - Bronze Medal",Archery Recurve - Team Mix,Alberta,4
12,AB,"Ivy Bao, Emily Liu","Encounter 1B, Encounter 209, Bronze Medal, Encounter 3B, Encounter 210",Table Tennis Doubles Female,Alberta,4
13,AB,"Austin Bauer, Emily Chan, Yunzhi Chen, Stephanie Cheung, Eyota Kwan, Kevin Lee, Kyleigh O'Donoghue, Imran Wadia, Desmond Wang, Takeisha Wang","Tie 02, Tie 19 (B2 v. A3), Team Competition Gold Medal Match, Tie 14, Tie 21 (W16 vs. W19)",Badminton Team Competition Mix,Alberta,Gold
14,AB,"Chad Berling, Haldan Borglum, Thomas Hulsman, Reid Lovstrom",Race,Biathlon 3 x 7.5 km Relay Male,Alberta,Silver
15,AB,"Zack Ostapchuk, Dylan Guenther, Kai Uchacz, Zack Stringer, Matt Savoie, Jayden Grubbe, Tyson Laventure, Craig Armstrong, Sean Tschigerl, Olen Zellweger, Matt Smith, Owen MacNeil, Loch Gordon, Corson Ceulemans, Drew Sim, Marc Lajoie, Keagan Slaney, Kyle Masters, Colton Dach, Brett Hyland","Game 06, Game 22, Game 36, Game 12, Game 30, Bronze Medal Game (L34 vs. L36)",Hockey Male,Alberta,Bronze
16,AB,"Kat Eamon, Ali Keylor, Shae Corasiniti, Kaley Bilyk, Torrie Shennan, Nicole Pelletier, Alyssa Hall, Kennedy Hickey, Megan Riou, Hannah Coyne, Ann Sauve, Jordyn Scott, Maddy Galeski, Jenna Wolsey, Lauren Millar, Marla Wheeler, Katie Zipp, Vail Ketsa","Game 03, Game 05, Game 18 (1st Pool B vs. W17), 7th - 8th Position Game (L24 vs. L25), Game 11, Game 17 (4th Pool A vs. 5th Pool B), Game 24 (L20 vs. L18)",Ringette Female,Alberta,7
17,AB,"Ivy Bao, Emily Liu, Judy Pan","Encounter 1B, Encounter 205, Bronze Medal, Encounter 3B, Encounter 212",Table Tennis Team Female,Alberta,4
18,AB,"Alex Boucher, Kalena Soehn","Routine 1, Final Routine, Routine 2",Gymnastics Trampoline - Synchro Female,Alberta,6
19,AB,"Nate Broughton, Toby Cairns, Addyson Cheladyn, Brendan Ng, Gabriele Romano, Elijah Thompson","Floor - A, P Bars - A, Rings - A, Floor - B, P Bars - B, Rings - B, H Bar - A, Pommel Horse - A, Vault - A, H Bar - B, Pommel Horse - B, Vault - B",Gymnastics Artistic - Team Event Male,Alberta,7
20,AB,"Bethany Churchill, Jana Dweek, Taylor Mackay, Nicole Temple","Encounter 004, Encounter 015, Encounter 028, Bronze Medal, Encounter 008, Encounter 022, Encounter 101",Squash Team Competition Female,Alberta,Bronze
21,AB,"Evelyn Beaton, Greta Goasdoue-Wallace, Michelle Grisales, Kondelia Karas, Teyana Roberts, Ema Tesanovic, Kiera Westlake","Match 02, Gold Medal Match, Match 05",Judo Team Competition Female,Alberta,Gold
22,AB,"Cole Beres, Kaitlyn Wiley","Total of Round 1 and Round 2, Round 2, Round 1, Elimination 003",Archery Compound - Team Mix,Alberta,6
23,AB,"Zachary Blakely, Nolan Zurek","Routine 1, Final Routine, Routine 2",Gymnastics Trampoline - Synchro Male,Alberta,4
24,AB,"Morgan Bilassy, Ben Helston, Nathan Molberg, Nicholas Warkman","Draw 1 - Sheet 07, Draw 4 - Sheet 09, Draw 7 - Sheet 03, Draw 9 - Sheet 10, Draw 11 - Sheet 02, Quarterfinals (4th vs. 5th) - Sheet 10, Draw 3 - Sheet 11, Draw 5 - Sheet 05, Draw 8 - Sheet 04, Draw 10 - Sheet 08, Draw 12 - Sheet 06",Curling Male,Alberta,5
25,AB,"Taylor Althouse, Joel Demaere, Nathan Demaere, Nicholas Gagnon, Katsuo Leung, Douglas O'Brien, Sasha Tanasiuk","Match 04, Match 12, Match 07",Judo Team Competition Male,Alberta,Bronze
26,AB,"Emma Bragg, Montana Fairbairn, Liz Holmstrom, Jada Mazury, Madison Tansowny, Bryn Topham","Beam - 1, Uneven Bars - 1, Beam - 2, Uneven Bars - 2, Beam - 3, Uneven Bars - 3, Floor - 1, Vault - 1, Floor - 2, Vault - 2, Floor - 3, Vault - 3",Gymnastics Artistic - Team Event Female,Alberta,Bronze
27,AB,"Mathias Bathe, Benjamin Côté, Matej Pederson, Neithan Thomas, Brendan Yamada","Relay Heat 51B, Relay Final 53A",Speed Skating Short Track - Team Relay Male,Alberta,Silver
28,AB,"Ivy Bao, Daniel Jiang","Encounter 1B, Encounter 208, Encounter 214, Encounter 3B, Encounter 211, Bronze Medal",Table Tennis Doubles Mix,Alberta,Bronze
29,AB,"Paul Coderre, Max Halyk, Joshua Hathaway, Kaleb Muller",Finals,Speed Skating Long Track - Team Pursuit Male,Alberta,Gold
30,AB-A,"Reed Godfrey, Issy Hendry, Samuel Hendry, Anna Pryce",Race,Cross Country Skiing Relay Mix,Alberta,Bronze
31,AB-B,"Maya Fish, Luke Fricker, Rhys James, Anna Parent",Race,Cross Country Skiing Relay Mix,Alberta,7
32,Arseneault/GIllies,"Sydney Arseneault, Anna Gillies","Match 82, QF 04",Badminton Doubles Female,New Brunswick,5
33,Ashevak/Kilabuk,"Lerena Ashevak, Megan Kilabuk",Match 80,Badminton Doubles Female,Nunavut,9
34,Au/Knickle,"Austin Meng Au, Carl Knickle",Match 65,Badminton Doubles Male,Yukon,9
35,Aylesworth/Lambert-Wilson,"Kaitlyn Aylesworth, Mara Lambert-Wilson","Technical Routine, Free Routine, Technical Routine, Free Routine",Artistic Swimming Duet Female,British Columbia,13
36,Baker/Beach,"Maria Baker, Emma Beach","Technical Routine, Free Routine, Technical Routine, Free Routine",Artistic Swimming Duet Female,Newfoundland and Labrador,8
37,Bauer/Lee,"Austin Bauer, Kevin Lee","Match 71, SF 01, QF 02, Gold Medal Match",Badminton Doubles Male,Alberta,Gold
38,BC,"Kenny Kun Jiang, Steve Wang","Encounter 2A, Encounter 1A, Encounter 3A, Gold Medal",Table Tennis Doubles Male,British Columbia,Silver
39,BC,,Race,Biathlon 3 x 6 km Relay Female,British Columbia,Bronze
40,BC,"Emma Chylinski, Spencer Gamache","Total of Round 1 and Round 2, Round 2, Round 1, Elimination 004",Archery Compound - Team Mix,British Columbia,8
41,BC,"Kenny Kun Jiang, David Hong Lin, Steve Wang","Encounter 2A, Encounter 214, Encounter 3A, Bronze Medal",Table Tennis Team Male,British Columbia,Bronze
42,BC,"Gavin Dodd, Declan McLean","Routine 1, Final Routine, Routine 2",Gymnastics Trampoline - Synchro Male,British Columbia,6
43,BC,,Finals,Speed Skating Long Track - Team Pursuit Female,British Columbia,Bronze
44,BC,,"Beam - 1, Uneven Bars - 1, Beam - 2, Uneven Bars - 2, Beam - 3, Uneven Bars - 3, Floor - 1, Vault - 1, Floor - 2, Vault - 2, Floor - 3, Vault - 3",Gymnastics Artistic - Team Event Female,British Columbia,4
45,BC,,Finals,Speed Skating Long Track - Team Pursuit Male,British Columbia,7
46,BC,"Brae Booth, Klavdia Danilkov, Isabella Greene, Isabelle Harris, Kimiko Kamstra, Caleigh Takara Kuramoto, Dakota Florence Webb","Match 03, Gold Medal Match, Match 06",Judo Team Competition Female,British Columbia,Silver
47,BC,,Race,Biathlon 3 x 7.5 km Relay Male,British Columbia,Bronze
48,BC,,"Female Routine, Male Routine",Gymnastics Trampoline - Team Mix,British Columbia,Bronze
49,BC,"Kaitlyn Aylesworth, Zara Herbert, Hannah Kryworuchko, Mara Lambert-Wilson, Preet Lehal, Caitlyn Nichols, Sasha Nixon, Hannah McDonagh-Proud, Kendall Stirrat, Annie Wang","Technical Routine, Free Routine, Technical Routine, Free Routine",Artistic Swimming Team Female,British Columbia,4
50,BC,"Keegan Maddocks, Jake Chiasson, Cage Newans, Carson Nicholas Latimer, Trevor Wong, Steel Quiring, Matthew Seminoff, Logan H G Stankoven, Seiya Christopher Tanaka-Campbell, Kobe Verbicky, Nolan Bentham, Fin Williams, Élias Carmichael, Thomas Milic, Tyson Scerbo Galloway, Ty Gibson, Jack Hudson O'Brien, Graham Sward, Michael Abgrall, Caedan Bankier","Game 04, Game 22, Game 29, 7th - 8th Position Game, Game 10, Game 24, Game 35",Hockey Male,British Columbia,7
51,BC,"Dawson Ballard, Troy Chong, Joshua Miki, Hayato Sato","Draw 2 - Sheet 11, Draw 4 - Sheet 03, Draw 7 - Sheet 07, Draw 9 - Sheet 04, Draw 11 - Sheet 08, Semi Finals (W 4 vs. 5) - Sheet 08, Draw 3 - Sheet 05, Draw 6 - Sheet 09, Draw 8 - Sheet 02, Draw 10 - Sheet 10, Draw 12 - Sheet 06, Gold Medal Game - Sheet 11",Curling Male,British Columbia,Gold
52,BC,,"Relay Heat 51C, Relay Final 53A",Speed Skating Short Track - Team Relay Male,British Columbia,4
53,BC,"Kylie Cheng, Simon Cheng, Steven He, Antonio Li, Kingsley Lu, Kevin Luo, Katie Ngai, Jenna Wong, Natalie Kassandra Yee, Wendy Zhang","Tie 06, Tie 18 (D1 v. A2), Team Competition Bronze Medal Match, Tie 11, Tie 22 (W17 vs. W18)",Badminton Team Competition Mix,British Columbia,4
54,BC,,"Floor - A, P Bars - A, Rings - A, Floor - B, P Bars - B, Rings - B, H Bar - A, Pommel Horse - A, Vault - A, H Bar - B, Pommel Horse - B, Vault - B",Gymnastics Artistic - Team Event Male,British Columbia,5
55,BC,"Adam Deane, Adi Shapira","Total of Round 1 and Round 2, Round 2, Round 1, Elimination 002",Archery Recurve - Team Mix,British Columbia,6
56,BC,"Ben Hagkull, Ben Garrett, Nick van Bakel, Derek Jezewsky, Gabe Harrison, Joel Aukema, Megan Smith, Ryleigh Bissenden, Lannette Boland, Matt Norris, Tanner (TJ) Jung, Joel Ewert","Game 05, Game 12, Game 17 (3B vs. 3A), Game 09, Game 15, Game 22 (4A vs. 3B)",Wheelchair Basketball Mix,British Columbia,6
57,BC,"Lucia Bicknell, Cindy Cao, Sarah Cao, Quan Ng","Encounter 004, Encounter 016, Encounter 027, Gold Medal, Encounter 010, Encounter 021, Encounter 102",Squash Team Competition Female,British Columbia,Silver
58,BC,"Keelie Duncan, Chanelle Meeres, Gracelyn Susan Richards, Bryn Woloshyn","Draw 2 - Sheet 10, Draw 4 - Sheet 02, Draw 7 - Sheet 06, Draw 9 - Sheet 05, Draw 11 - Sheet 09, Draw 3 - Sheet 04, Draw 6 - Sheet 08, Draw 8 - Sheet 03, Draw 10 - Sheet 11, Draw 12 - Sheet 07",Curling Female,British Columbia,10
59,BC,"Amanda Nicole Mott, Emma Paradis, Hailey Takasaki, Katie Young, Katie Carter, Brooke Valancius, Ashley Robb, Abby Williamson, Courtney Kayla Bacon, Kailey Elizabeth Magrath, Sidney Aren-Lee Crowe, Aly Carter, Kristen Hunter, Kiana Rose Heska, Hannah Woodman, Brooklyn Keller, Alyssa Danielle Racine, Fiona Briner","Game 12, Game 08, Game 20 (2nd Pool A vs. 3rd Pool B), Bronze Medal Game (L22 vs. L23), Game 14, Game 04, Game 22 (W20 vs. W18)",Ringette Female,British Columbia,4
60,BC,"Kayla Munro, Jenna Buglioni, Anne Cherkowski, Jenn Gardiner, Rebecca Clarke, Katie Chan, Rachel Teslak, Sarah Paul, Lyndsy Acheson, Kate Klassen, Reece Hunt, Chanreet Kaur Bassi, Devyn Millwater, Sydney Neustaeter, Kiara Stecko, Megan Bouveur, Kate Reilly, Nina Jobst-Smith, Stefanie Wallace, Anna MacCara","Game 06, Game 16, Game 29, Game 10, Game 23, Bronze Medal Game (L29 v L30)",Hockey Female,British Columbia,Bronze
61,BC,"Patrina Hui, Jiayi Nie, Benita Zhou","Encounter 1A, Encounter 212, Encounter 3A, Gold Medal",Table Tennis Team Female,British Columbia,Gold
62,BC,"Jiayi Nie, Benita Zhou","Encounter 1A, Encounter 3A, Encounter 3A, Gold Medal",Table Tennis Doubles Female,British Columbia,Gold
63,BC,"Korin Gardner, Payton Harris, Anthony Bruce Henry, Maximus Joe, Ian Ryder, Finn Schroeder, Lochlan Gary Young","Match 05, Gold Medal Match, Match 07",Judo Team Competition Male,British Columbia,Silver
64,BC,"Jasmine Drolet, Rémi Drolet, Elizabeth Elliott, Tallon Noble",Race,Cross Country Skiing Relay Mix,British Columbia,Gold
65,BC,"Matt Bicknell, Sam Scivier, James Toth, Gabriel Yun","Encounter 004, Encounter 021, Encounter 029, Gold Medal, Encounter 017, Encounter 025, Encounter 102",Squash Team Competition Male,British Columbia,Silver
66,BC,"Patrina Hui, David Hong Lin","Encounter 1A, Encounter 211, Encounter 2A, Encounter 215",Table Tennis Doubles Mix,British Columbia,5
67,BC,,"Relay Heat 50A, Relay Final 52A",Speed Skating Short Track - Team Relay Female,British Columbia,Bronze
68,BC,"Maja Bonham, Jordyn Yendley","Routine 1, Final Routine, Routine 2",Gymnastics Trampoline - Synchro Female,British Columbia,9
69,Bear/Haubrich,"Shallen Bear, Marty Haubrich","Short Program, Free Program",Figure Skating Pairs Novice Mix,Saskatchewan,4
70,Bélanger/Kremer,"Gabrielle Bélanger, Lily Kremer",Match 67,Badminton Doubles Female,Yukon,17
71,Bernard/Hughes,"Michael Bernard, Emma Hughes","MATCH 84, MATCH 106, MATCH 99",Badminton Doubles Mix,Prince Edward Island,9
72,Black/Tu,"Trystan Black, Jon Tu","Match 62, Match 73",Badminton Doubles Male,Saskatchewan,9
73,Boucher/Head,"Kael Boucher, Amy Head",MATCH 88,Badminton Doubles Mix,New Brunswick,17
74,Boucher/Pare,"Kael Boucher, Fred Pare",Match 60,Badminton Doubles Male,New Brunswick,17
75,Brawley/Ripley,"Owen Brawley, Mackenzie Ripley","Short Program, Free Program",Figure Skating Pairs Novice Mix,Ontario,Bronze
76,Brennan/Chi,"Katherine Brennan, Sunnie Chi",Match 75,Badminton Doubles Female,Saskatchewan,9
77,Bristol/Carroll,"Ainsley Reese Bristol, Sydney Blue Carroll","Technical Routine, Free Routine, Technical Routine, Free Routine",Artistic Swimming Duet Female,Saskatchewan,4
78,Brown/Ding,"Paul Brown, Jeannette Ding","MATCH 90, MATCH 102",Badminton Doubles Mix,Manitoba,9
79,Brown/Ramnarace,"Paul Brown, Rylan Ramnarace",Match 63,Badminton Doubles Male,Manitoba,17
80,Carter/Kam,"Mathew Carter, Kiera Kam","Pattern Dance, Free Dance",Figure Skating Dance Novice Mix,British Columbia,Gold
81,Chan/Lai,"Rachel Chan, Victor Lai","MATCH 95, MATCH 107, QF 04",Badminton Doubles Mix,Ontario,5
82,Chan/Wang,"Emily Chan, Takeisha Wang","Match 67, QF 03, Match 80",Badminton Doubles Female,Alberta,5
83,Chaput/Danis,"Tamara Chaput, Lily Danis","Technical Routine, Free Routine, Technical Routine, Free Routine",Artistic Swimming Duet Female,Manitoba,6
84,Chen/Wang,"Yunzhi Chen, Desmond Wang","Match 73, SF 02, QF 03, Bronze Medal Match",Badminton Doubles Male,Alberta,4
85,Cheng/He,"Simon Cheng, Steven He","Match 60, Match 71",Badminton Doubles Male,British Columbia,9
86,Cheng/Li,"Kylie Cheng, Antonio Li","MATCH 96, MATCH 104",Badminton Doubles Mix,British Columbia,9
87,Cheng/Ngai,"Kylie Cheng, Katie Ngai","MATCH 87, MATCH 101",Badminton Doubles Mix,British Columbia,9
88,Cheng/Zhang,"Kylie Cheng, Wendy Zhang","Match 79, SF 01, QF 03, Gold Medal Match",Badminton Doubles Female,British Columbia,Gold
89,Cheung/Jia,"Jacqueline Cheung, Colin Jia","MATCH 88, QF 01, MATCH 101",Badminton Doubles Mix,Ontario,5
90,Cheung/Kwan,"Stephanie Cheung, Eyota Kwan","Match 66, QF 02, MATCH 78",Badminton Doubles Female,Alberta,5
91,Choi/Jia,"Darren Choi, Colin Jia",Match 64,Badminton Doubles Male,Ontario,9
92,Choi/Lai,"Catherine Choi, Jonathan Lai","MATCH 94, QF 03, Bronze Medal Match - Mixed Doubles, MATCH 103, SF2 Mixed Doubles",Badminton Doubles Mix,Ontario,4
93,Choi/Lai,"Catherine Choi, Crystal Lai","Match 76, SF 02, QF 02, Bronze Medal Match",Badminton Doubles Female,Ontario,Bronze
94,Choi/Laperriere,"Andrew Choi, Xavier Laperriere","Match 65, QF 04",Badminton Doubles Male,Quebec,5
95,Choi/Ruan,"Andrew Choi, Alyson Ruan",MATCH 95,Badminton Doubles Mix,Quebec,17
96,Collier/Willcott,"Dylan Collier, Jessica Willcott",MATCH 90,Badminton Doubles Mix,Newfoundland and Labrador,17
97,Cookie,Sappa Cookie,,Badminton Doubles Mix,Nunavut,
98,Couture/Verrelli,"Émile Couture, Victoria Verrelli","Pattern Dance, Free Dance",Figure Skating Dance Novice Mix,Quebec,4
99,Czarkowski/Hoffman,"Jaime Czarkowski, Teah Hoffmann","Technical Routine, Free Routine, Technical Routine, Free Routine",Artistic Swimming Duet Female,Alberta,Gold
100,DeRaj/Nichols,"Devika DeRaj, Kyi Nichols","MATCH 103, MATCH 93",Badminton Doubles Mix,Manitoba,9
101,Derenisky/Eberl,"Caidence Derenisky, Raine Eberl","Short Program, Free Program",Figure Skating Pairs Novice Mix,Saskatchewan,Silver
102,Dewar/Pilat,"Emmet Dewar, Jade Pilat","Short Program, Free Program",Figure Skating Pairs Pre-Novice Mix,Manitoba,4
103,Ding/Tantakoun,"Jeannette Ding, Tiffany Tantakoun","Match 68, Match 81",Badminton Doubles Female,Manitoba,9
104,Doherty/Streeter,"Grace Doherty, Anna Elizabeth Streeter","Technical Routine, Free Routine, Technical Routine, Free Routine",Artistic Swimming Duet Female,New Brunswick,14
105,Dolgova/Hargreaves,"Anna Dolgova, Bailey Hargreaves","Technical Routine, Free Routine, Technical Routine, Free Routine",Artistic Swimming Duet Female,Saskatchewan,12
106,Elliott/Munro,"Jailyn Elliott, Dawson Terance Munro","Pattern Dance, Free Dance",Figure Skating Dance Pre-Novice Mix,Nova Scotia,8
107,Embro/Millar,"Sydney Embro, Eric Millar","Pattern Dance, Free Dance",Figure Skating Dance Novice Mix,Ontario,Silver
108,Farand/Fournier,"Gabriel Farand, Jamie Fournier","Short Program, Free Program",Figure Skating Pairs Novice Mix,Quebec,Gold
109,Feng/Lai,"Stanley Feng, Crystal Lai","MATCH 91, QF 02, MATCH 105",Badminton Doubles Mix,Ontario,5
110,Ford/Hughes,"Hayden Ford, Emma Hughes",Match 66,Badminton Doubles Female,Prince Edward Island,17
111,Fox/Warren,"Emma Fox, Jade Warren","Technical Routine, Free Routine, Technical Routine, Free Routine",Artistic Swimming Duet Female,Ontario,10
112,Gambin/Steele,"Taylor Gambin, Hannah Amelia Steele",Match 82,Badminton Doubles Female,Newfoundland and Labrador,9
113,Gambin/Steele,"Blake Gambin, Hannah Amelia Steele",MATCH 86,Badminton Doubles Mix,Newfoundland and Labrador,17
114,Gambin/Young,"Taylor Gambin, Justin Young",MATCH 99,Badminton Doubles Mix,Newfoundland and Labrador,17
115,Gambin/Young,"Blake Gambin, Jake Young",Match 72,Badminton Doubles Male,Newfoundland and Labrador,9
116,Gauthier/Thieren,"Sandrine Gauthier, Quentin Thieren","Pattern Dance, Free Dance",Figure Skating Dance Pre-Novice Mix,Quebec,4
117,Gauthier/Veilleux,"Mikaëlle Gauthier, Audrey Veilleux","Technical Routine, Free Routine, Technical Routine, Free Routine",Artistic Swimming Duet Female,Quebec,Silver
118,Gauvin/Plante,"Shirine Gauvin, Raphaëlle Plante","Technical Routine, Free Routine, Technical Routine, Free Routine",Artistic Swimming Duet Female,Quebec,9
119,Giang/Yu,"Brendan Giang, Hailey Yu","Pattern Dance, Free Dance",Figure Skating Dance Pre-Novice Mix,British Columbia,Gold
120,Gillies/Kim,"Anna Gillies, Daniel Kim",MATCH 93,Badminton Doubles Mix,New Brunswick,17
121,Giraldeau/Goulet,"Charlotte Giraldeau, Eliott Goulet","Short Program, Free Program",Figure Skating Pairs Pre-Novice Mix,Quebec,Silver
122,Gover/Patriquin,"Sophia Gover, Daniel Patriquin","Pattern Dance, Free Dance",Figure Skating Dance Pre-Novice Mix,Ontario,5
123,Greenfield/Kruger,"Natalie Greenfield, Adora Kruger","Technical Routine, Free Routine, Technical Routine, Free Routine",Artistic Swimming Duet Female,Alberta,11
124,Guay/Nguyen,"Béatrice Guay, Anthony Nguyen","MATCH 83, MATCH 105",Badminton Doubles Mix,Quebec,9
125,He/Wong,"Steven He, Jenna Wong",MATCH 92,Badminton Doubles Mix,British Columbia,17
126,Iqaluq/Kavik,"Johnassie Iqaluq, Mike Kavik Kavik",Match 62,Badminton Doubles Male,Nunavut,17
127,Jerrett/Watkins,"Riley Alexander Jerrett, Brooklyn Sheila Marie Watkins","Pattern Dance, Free Dance",Figure Skating Dance Pre-Novice Mix,Newfoundland and Labrador,7
128,Kanyasi/White,"Miklos Kanyasi, Sam White",Match 74,Badminton Doubles Male,Nova Scotia,9
129,Kobler/Mezel,"Lukas Sebastian Kobler, Anton Menzel",Match 61,Badminton Doubles Male,Yukon,17
130,Kremer/Kremer,"Shayla Kremer, Tristan Kremer",MATCH 100,Badminton Doubles Mix,Yukon,17
131,Kudluarok/Akeeagok,"Derrick Akeeagok, Davidee Kudluarok",Match 70,Badminton Doubles Male,Nunavut,9
132,Kwan/Wang,"Eyota Kwan, Desmond Wang","MATCH 92, QF 03, MATCH 106",Badminton Doubles Mix,Alberta,5
133,Kyak/Nakashuk,"Shawna Kyak, Jane Nakashuk",Match 76,Badminton Doubles Female,Nunavut,9
134,Lai/Feng,"Stanley Feng, Jonathan Lai","Match 63, QF 04, Gold Medal Match, Match 74, SF 02",Badminton Doubles Male,Ontario,Silver
135,Lawther/McCallum,"Sam Lawther, Karla McCallum",Match 79,Badminton Doubles Female,Prince Edward Island,9
136,Leblanc/Ruan,"Camille Leblanc, Alyson Ruan","Match 75, SF 02, QF 01, Gold Medal Match",Badminton Doubles Female,Quebec,Silver
137,Lévesque-Morissette/Lévesque-Morissette,"James Lévesque-Morissette, Norah Lévesque-Morissette","Pattern Dance, Free Dance",Figure Skating Dance Pre-Novice Mix,Newfoundland and Labrador,6
138,Lu/Luo,"Kingsley Lu, Kevin Luo","Match 58, QF 03, Match 69",Badminton Doubles Male,British Columbia,5
139,Lu/Yee,"Kingsley Lu, Natalie Kassandra Yee",MATCH 89,Badminton Doubles Mix,British Columbia,17
140,MacDonald/Proctor,"Courtney Ann MacDonald, Eriq Proctor",MATCH 91,Badminton Doubles Mix,Nova Scotia,17
141,Martel/Chant,"Kobi Chant, Savanna Martel","Pattern Dance, Free Dance",Figure Skating Dance Pre-Novice Mix,Alberta,Bronze
142,Martin/Tu,"Emilie Aline Martin, Jon Tu",MATCH 84,Badminton Doubles Mix,Saskatchewan,33
143,Mason/Pothier,"Bryce Mason, Natalie Claire Pothier",MATCH 96,Badminton Doubles Mix,Nova Scotia,17
144,Mason/Proctor,"Bryce Mason, Eriq Proctor",Match 59,Badminton Doubles Male,Nova Scotia,17
145,MB,"Tamara Chaput, Carolyn Currie, Lily Danis, Kendi Dyck, Jorja Koziuk, Myra Landers, Maddy McLeod, Alyssa Medeiros, Laurie Preston, Maxine Yip","Technical Routine, Free Routine, Technical Routine, Free Routine",Artistic Swimming Team Female,Manitoba,6
146,MB,"Gordon Chow, Harrison Deng","Encounter 1B, Encounter 206, Encounter 3B, Encounter 1A",Table Tennis Doubles Male,Manitoba,8
147,MB,"Téo Roy, Spencer Lambert, Rylan Bileski, Matthew Wilton, Josh Brown, Bernard Rosello, Emma Isaacs, Beth Johnson, Thomas Thevenot","Game 03, Game 11, Game 22 (4A vs. 3B), Game 08, Game 18 (4B vs. 4A), Game 24 (5B vs. 4A)",Wheelchair Basketball Mix,Manitoba,7
148,MB,"Tyler Brennan, Colby Wotton, Trent Crane, Conor Geekie, Skyler Bruce, Cabrel LaBossière, Dawson Pasternak, Hunter Wallace, Grady Lane, Rory Neill, Hudson Thornton, Aidan Brook, Justin Lies, Jayden Catellier, Tayem Gislason, Roux Bazin, Cole Assailly, Carson Lambos, Conner Roulette, Eric Alarie","Game 04, Game 18, Game 32, Game 12, Game 27, 5th - 6th Position Game",Hockey Male,Manitoba,5
149,MB,"Olivia McCowan, Milica Oravec, Nicole Girardin, Alana Lesperance, Belle Paisley, Milanne Rondeau, Celeste McElroy, Jordyn Campbell, Caro Girardin, Kaylee Spearing, Brett Van Nieuw Amerongen, Josée Roy, Jenna Bazin, Taylor Hildebrand, Belle Groen, Alexsi Kavvadas, Kelsey Gillan, Jayme Dorsett","Game 01, Game 05, Game 23 (W21 vs. W19), Game 09, Game 19 (1st Pool A vs. 4th Pool B), Bronze Medal Game (L22 vs. L23)",Ringette Female,Manitoba,Bronze
150,MB,"Emily Czosnek, Sarah Ekosky, Ainslee Tolentino, Emily Rogowsky, Sam Ulrich, Rebecca Villa, Nina Zigic","Match 04, Match 09, Match 07",Judo Team Competition Female,Manitoba,5
151,MB,"Lévi Brunelle, Ian Mitchell, Mark Naylor, Lucas Smith",Race,Biathlon 3 x 7.5 km Relay Male,Manitoba,8
152,MB,"Stephanie Clarkson, Jordyn Crerar, Jordyn Galloway, Alexis Gillespie, O'keri Katjivari, Caitlyn Yip","Beam - 1, Uneven Bars - 1, Beam - 2, Uneven Bars - 2, Beam - 3, Uneven Bars - 3, Floor - 1, Vault - 1, Floor - 2, Vault - 2, Floor - 3, Vault - 3",Gymnastics Artistic - Team Event Female,Manitoba,6
153,MB,"Anna Liu, Nibusha Loganathan","Encounter 1B, Encounter 206, Encounter 2B, Encounter 202",Table Tennis Doubles Female,Manitoba,7
154,MB,"Zack Bilawka, Adam Flatt, Sean Flatt, Graham Loewen","Draw 1 - Sheet 11, Draw 3 - Sheet 07, Draw 5 - Sheet 05, Draw 9 - Sheet 06, Draw 11 - Sheet 04, Quarterfinals (4th vs. 5th) - Sheet 10, Bronze Medal Game - Sheet 07, Draw 2 - Sheet 09, Draw 4 - Sheet 03, Draw 7 - Sheet 11, Draw 10 - Sheet 02, Draw 12 - Sheet 08, Semi Finals (W 4 vs. 5) - Sheet 08",Curling Male,Manitoba,Bronze
155,MB,"Kadin Giebelhaus, Cleo Wermann-Thorn","Total of Round 1 and Round 2, Round 2, Round 1, Elimination 003",Archery Recurve - Team Mix,Manitoba,5
156,MB,"Mohyna DeRaj, Anne Hargraves, Dorothy Hargraves, Emily Hargraves","Encounter 010, Encounter 019, Encounter 026, Encounter 014, Encounter 022, Encounter 203",Squash Team Competition Female,Manitoba,9
157,MB,"Bryanne Lameg, Austin Taylor","Total of Round 1 and Round 2, Round 2, Elimination 102, Round 1, Elimination 004, Elimination 301 - Gold Medal",Archery Compound - Team Mix,Manitoba,Silver
158,MB,"Chloé Beauchesne, Kennedy Charles, Ashley Hannah, Alexa Scott",Finals,Speed Skating Long Track - Team Pursuit Female,Manitoba,4
159,MB,"Kostubh Agarwal, Alex Kirbyson, Bryce Kristjansson, Will Znidarec","Encounter 002, Encounter 014, Encounter 030, Encounter 201, Encounter 008, Encounter 022, Encounter 103",Squash Team Competition Male,Manitoba,5
160,MB,"Raina Gertley, Lauren Hawkins","Routine 1, Final Routine, Routine 2",Gymnastics Trampoline - Synchro Female,Manitoba,7
161,MB,"Owen Hack, Tyson Langelaar, AJ Seddon, Joel Simpson",Finals,Speed Skating Long Track - Team Pursuit Male,Manitoba,5
162,MB,"Adam Buchwald, Magnus Ellis, Jake Hannah, Ryan Kulbacki, Hunter Ullett","Relay Heat 51B, Relay Final 53C",Speed Skating Short Track - Team Relay Male,Manitoba,9
163,MB,"Julianna Thomson, Kate Gregoire, Kylie Lesuk, Makenzie McCallum, McKiya Mazur, Olivia Cvar, Paige Hubbard, Paige McArthur, Rorie Ringor, Sarah Dennehy, Taylor Coward, Alex McArthur, Camille Enns, Raygan Kirk, Kaila Powell, Kennesha Miswaggon, Rachel O'Toole, Rebecca Thiessen, Danica Namaka, Karine Sandilands","Game 02, Game 15, Game 25, Game 11, Game 21, 5th - 6th Position Game (W25 v W26)",Hockey Female,Manitoba,5
164,MB,"Gordon Chow, Harrison Deng, Jeremy Tran","Encounter 1B, Encounter 3, Bronze Medal, Encounter 3B, Encounter 212",Table Tennis Team Male,Manitoba,4
165,MB,"Akira Cormier, Mac Neumann",,Gymnastics Artistic - Team Event Male,Manitoba,
166,MB,"Alexisse Bérard, Kaylee Dean, Emma Mitchell, Meaghan Smith",Race,Biathlon 3 x 6 km Relay Female,Manitoba,6
167,MB,"Tyler Champagne, Raina Gertley, Lauren Hawkins, Isaiah Klassen","Female Routine, Male Routine",Gymnastics Trampoline - Team Mix,Manitoba,8
168,MB,"Hayley Bergman, Payton Bergman, Cheyenne Ehnes, Anastasia Ginters","Draw 1 - Sheet 10, Draw 3 - Sheet 06, Draw 5 - Sheet 04, Draw 9 - Sheet 07, Draw 11 - Sheet 05, Semifinals (W 3 vs. 6) - Sheet 07, Draw 2 - Sheet 08, Draw 4 - Sheet 02, Draw 6 - Sheet 03, Draw 10 - Sheet 03, Draw 12 - Sheet 09, Gold Medal Game - Sheet 10",Curling Female,Manitoba,Silver
169,MB,"Jeremy Tran, Carol-Jean Wong","Encounter 2B, Encounter 210, Bronze Medal, Encounter 3B, Encounter 213",Table Tennis Doubles Mix,Manitoba,4
170,MB,"Anna Liu, Nibusha Loganathan, Carol-Jean Wong","Encounter 2B, Encounter 204, Encounter 3B, Encounter 211",Table Tennis Team Female,Manitoba,7
171,MB,"Tyler Champagne, Isaiah Klassen","Routine 1, Final Routine, Routine 2",Gymnastics Trampoline - Synchro Male,Manitoba,Silver
172,MB,"Michael Akbashev, Kadin Christ-Bonnell, Kelden Christ - Bonnell, Justin Ekosky, Ijob Hamraev, Ariel Mesongnik, Dylan Tully","Match 04, Match 11, Match 09",Judo Team Competition Male,Manitoba,5
173,MB,"Jordan Campbell, Elliot Ganas, Danica Grierson, Emma Roche, Robyn Salie","Relay Heat 50A, Relay Final 52B",Speed Skating Short Track - Team Relay Female,Manitoba,7
174,MB,"Paul Brown, Devika DeRaj, Jeannette Ding, Kyi Nichols, Arnish Patel, Rylan Ramnarace, Ghajaa Senthilkumaran, Emalia Sinclair, Tiffany Tantakoun, Félix Tessier","Tie 01, Tie 19 (B2 v. A3), Team Competition - 5th, Tie 06, Tie 23 (L16 vs. L19)",Badminton Team Competition Mix,Manitoba,5
175,MB-A,"Conor McGovern, Imogen Nadlersmith, Levi Nadlersmith, Casey Nelson",Race,Cross Country Skiing Relay Mix,Manitoba,11
176,MB-B,"Taschi Klaschka, Emma Malkoske, Aaron Warkentine, Tessa Warkentine",Race,Cross Country Skiing Relay Mix,Manitoba,14
177,McQuilkin/Portz,"Isabel McQuilkin, Jake Portz","Pattern Dance, Free Dance",Figure Skating Dance Novice Mix,Alberta,Bronze
178,Medeiros/Yip,"Alyssa Medeiros, Maxine Yip","Technical Routine, Free Routine, Technical Routine, Free Routine",Artistic Swimming Duet Female,Manitoba,15
179,Mocanu/Nguyen,"Alexandra Mocanu, Nicolas Nguyen","MATCH 85, MATCH 98, SF1 Mixed Doubles, MATCH 108, QF 01, Bronze Medal Match - Mixed Doubles",Badminton Doubles Mix,Quebec,Bronze
180,Mocanu/Zhang,"Alexandra Mocanu, Eliana Ruobing Zhang","Match 81, SF 01, QF 04, Bronze Medal Match",Badminton Doubles Female,Quebec,4
181,Morneau/Nguyen,"Mathieu Morneau, Nicolas Nguyen","Match 64, SF 01, QF 01, Bronze Medal Match",Badminton Doubles Male,Quebec,Bronze
182,Morrissey/Tang,"Jaryd Morrissey, James Tang",Match 69,Badminton Doubles Male,New Brunswick,9
183,Morrisson/Murdoch,"Elisabeth Morrison, Olivia Margaret Murdoch","Technical Routine, Free Routine, Technical Routine, Free Routine",Artistic Swimming Duet Female,New Brunswick,7
184,NB,"Westley Johnston, Logan Aalders, Sean Michael Wilson, Jake Fudge, Alexandre Hayward, Wyatt Maskill, Brandon Gillis, Danielle Caroline DuPlessis, Marc Cyr, Mallory Smith, Austin MacLellan, Max Arsenault","Game 04, Game 11, Bronze Medal Match (L19 vs. L20), Game 06, Game 20 (1B vs. 2A)",Wheelchair Basketball Mix,New Brunswick,4
185,NB,"Luc Arseneau Chiasson, Aliqa Mara Piers","Total of Round 1 and Round 2, Round 2, Round 1, Elimination 004",Archery Recurve - Team Mix,New Brunswick,7
186,NB,"Sydney Arseneault, Kael Boucher, Anna Gillies, Amy Head, Daniel Kim, Jaryd Morrissey, Fred Pare, Samantha Marie Rogers, Sophie Skinner, James Tang","Tie 02, Tie 16 (A1 v. B3), Team Competition - 7th, Tie 08, Tie 23 (L16 vs. L19)",Badminton Team Competition Mix,New Brunswick,7
187,NB,"Shaylin McFarlane, Marie-Eve LaPlante, Tiah Scichilone, Catherine Foulem, Arianne Roy, Emma Bishop, Janelle Bastarache, Kaleigh Robertson, Stephanie Leger, Mireille Martin, Katie Cameron, Catriona Cormier, Annick Boudreau, Dominique Cormier, Émy Maude Chiasson, Shani Rossignol, Olivia Eustace, Erica Plourde, Valérie Haché, Clody Lisanne Chiasson","Game 04, Game 15, Game 23, 7th - 8th Position Game (L25 v L26), Game 09, Game 19, Game 25",Hockey Female,New Brunswick,7
188,NB,"Noah Boucher, Sébastien LeBlanc, Éric Melanson, Dylan Wade","Encounter 013, Encounter 023, Encounter 034, Encounter 202, Encounter 017, Encounter 027, Encounter 104",Squash Team Competition Male,New Brunswick,8
189,NB,"Felix Cote, François Leclair, Jeremy Leigh, Collin Niles",Race,Biathlon 3 x 7.5 km Relay Male,New Brunswick,7
190,NB,"Evie Claire Astle, Shea-Lynne Blanchard, Alexa Feifer, Anna Rust, Sydney Stevens","Beam - 1, Uneven Bars - 1, Beam - 2, Uneven Bars - 2, Beam - 3, Uneven Bars - 3, Floor - 1, Vault - 1, Floor - 2, Vault - 2, Floor - 3, Vault - 3",Gymnastics Artistic - Team Event Female,New Brunswick,9
191,NB,"Anthony Cormier Losier, Colton Gough, Tyler MaGee, Conor Murray, Sam Myers","Relay Heat 51A, Relay Final 53A",Speed Skating Short Track - Team Relay Male,New Brunswick,Bronze
192,NB,"Leila Cartier, Emma LeBlanc, Grayson Miller, Lucy Wolfe",Finals,Speed Skating Long Track - Team Pursuit Female,New Brunswick,7
193,NB,"Evan Edwards, Andrew Polegato","Female Routine, Male Routine",Gymnastics Trampoline - Team Mix,New Brunswick,6
194,NB,,"Routine 1, Final Routine, Routine 2",Gymnastics Trampoline - Synchro Male,New Brunswick,8
195,NB,"Julia Arnason, Landen Bradley, Megan Marie Davidson, Grace Doherty, Emily Johnstone, Sydney Hope MacEachern, Elisabeth Morrison, Olivia Margaret Murdoch, Anna Elizabeth Streeter, Kate Weldon","Technical Routine, Free Routine, Technical Routine, Free Routine",Artistic Swimming Team Female,New Brunswick,7
196,NB,"Julia Cook, Jael Richard, Samantha Stordy, Joelle Wade","Encounter 002, Encounter 017, Encounter 105, Encounter 012, Encounter 024",Squash Team Competition Female,New Brunswick,11
197,NB,"Megan Katherine Costain, Emily Czerwinski, Lauren Martin, Emma Septon",Race,Biathlon 3 x 6 km Relay Female,New Brunswick,9
198,NB,"Pierre-Vincent Guignard, Carter McCluskey, Drew Elliott, Cole Huckins, Eli Jacob Barnett, Evan Nause, Dominic Edgar LeBlanc, Charlie Jackson, Cole Warren Fraser, Keegan Hunt, Nicholas Alexandre Sheehan, Jonathan Desrosiers, MacLaren Dick, Jack Dickie, Peter Nicholas Reynolds, Yanic Duplessis, Joshua Nadeau, David Francis Doucet, Alexis Daniel, Alex Cormier","Game 03, Game 17, Game 30, 7th - 8th Position Game, Game 11, Game 23, Game 32",Hockey Male,New Brunswick,8
199,NB,"Vanessa Caouette, Destiny Hayes, Keeley Hussey, Brandi Danielle Lingley, Claudie Marchand, Rebecca Ouellette, Mahée Savoie","Match 03, Match 07",Judo Team Competition Female,New Brunswick,7
200,NB,Evan Edwards,"Routine 1, Final Routine, Routine 2",Gymnastics Trampoline - Synchro Female,New Brunswick,4
201,NB,"Rajan Dalrymple, Alex Peasley, Boo Porter, Logan David Pugsley","Draw 1 - Sheet 09, Draw 3 - Sheet 03, Draw 7 - Sheet 11, Draw 9 - Sheet 02, Draw 11 - Sheet 08, Quarterfinals (3rd vs. 6th) - Sheet 08, Draw 2 - Sheet 07, Draw 4 - Sheet 05, Draw 8 - Sheet 04, Draw 10 - Sheet 06, Draw 12 - Sheet 10",Curling Male,New Brunswick,6
202,NB,"Rachel Lindsey Brewer, Erica Cluff, Ashley Cormier, Deanna MacDonald","Draw 1 - Sheet 08, Draw 3 - Sheet 02, Draw 6 - Sheet 03, Draw 9 - Sheet 03, Draw 11 - Sheet 09, Quarterfinals (3rd vs. 6th) - Sheet 11, Bronze Medal Game - Sheet 08, Draw 2 - Sheet 06, Draw 4 - Sheet 04, Draw 8 - Sheet 05, Draw 10 - Sheet 07, Draw 12 - Sheet 11, Semifinals (W 3 vs. 6) - Sheet 07",Curling Female,New Brunswick,4
203,NB,"Emily Kay, Hannah MacNeil, Claire Oliver, Alyssa Erin Rusk, Angela Xu","Relay Heat 50B, Relay Final 52B",Speed Skating Short Track - Team Relay Female,New Brunswick,5
204,NB,"John Dow, Emily Gorman","Total of Round 1 and Round 2, Round 2, Round 1",Archery Compound - Team Mix,New Brunswick,10
205,NB,"Loïc Cassista, Tylor Collin, Brandon Hanson, Samuel McGraw, Samuel Nadeau, Chris Poitras, Marcus Jeremy Wheaton","Match 05, Match 09, Match 08",Judo Team Competition Male,New Brunswick,7
206,NB,"Riley Adams, John Crawford, Remy Martin, Scott Verschoor",Finals,Speed Skating Long Track - Team Pursuit Male,New Brunswick,8
207,NB,"Arianne Hébert, Amy Green, Mélodie Saulnier, Monica Ozita Collette, Alexane Dupuis, Madisson Gaudet, Janika Ouellet, Cloe LeBlanc, Anik Niles, Kate Lauren Beers, Maddie Paris, Denika Diotte, Amélie Duguay, Jésika Savoie, Britney Snowdon, Frances Winters, Megan Charline Williston, Thalie Degrace","Game 01, Game 07, Game 24 (L20 vs. L18), Game 11, Game 20 (2nd Pool A vs. 3rd Pool B), 5th - 6th Position Game (W24 vs. W25)",Ringette Female,New Brunswick,5
208,NB,"Antoine Gérald Gautreau, Thomas Gilles Gautreau, Cameron MacMaster, Benjamin Talbot, Patrick Talbot","Floor - A, P Bars - A, Rings - A, Floor - B, P Bars - B, Rings - B, H Bar - A, Pommel Horse - A, Vault - A, H Bar - B, Pommel Horse - B, Vault - B",Gymnastics Artistic - Team Event Male,New Brunswick,6
209,NB-A,"Ariane Austin, Olivier Jacob Godin, Anika Leigh, Jeremy Leigh",Race,Cross Country Skiing Relay Mix,New Brunswick,15
210,NB-B,"Gabrielle Côté, Chloé Duchesne, Jeffrey Labrecque, Vincent Leclair",,Cross Country Skiing Relay Mix,New Brunswick,
211,Newman/Pothier,"Sarah Anne Alice Newman, Natalie Claire Pothier",Match 68,Badminton Doubles Female,Nova Scotia,17
212,Newman/White,"Sarah Anne Alice Newman, Sam White",MATCH 94,Badminton Doubles Mix,Nova Scotia,17
213,Ngai/Wong,"Katie Ngai, Jenna Wong","Match 77, QF 01",Badminton Doubles Female,British Columbia,5
214,Nichols/Tessier,"Kyi Nichols, Félix Tessier","Match 61, QF 02, Match 72",Badminton Doubles Male,Manitoba,5
215,NL,"Michael James Drover, Tyler Gosse, John Hiscock, Spencer Hiscock, Nicholas Qiu","Floor - A, P Bars - A, Rings - A, Floor - B, P Bars - B, Rings - B, H Bar - A, Pommel Horse - A, Vault - A, H Bar - B, Pommel Horse - B, Vault - B",Gymnastics Artistic - Team Event Male,Newfoundland and Labrador,8
216,NL,"Tyler Green, Ty Winsor","Encounter 2C, Encounter 201, Encounter 208, Encounter 3C, Encounter 204",Table Tennis Doubles Male,Newfoundland and Labrador,9
217,NL,"Gemma Andersen, Jill Baker, Maria Baker, Emma Beach, Teghan Byrne, Kate Fitzgerald, Kaitlan Lewis, Gabriella Sophia Mate, Caroline Ryan","Technical Routine, Free Routine, Technical Routine, Free Routine",Artistic Swimming Team Female,Newfoundland and Labrador,9
218,NL,"Sam Follett, Nathan Locke, Ben Stringer, Nathan Young","Draw 1 - Sheet 11, Draw 3 - Sheet 03, Draw 6 - Sheet 07, Draw 8 - Sheet 08, Draw 11 - Sheet 06, Quarterfinals (3rd vs. 6th) - Sheet 08, Bronze Medal Game - Sheet 07, Draw 2 - Sheet 05, Draw 4 - Sheet 09, Draw 7 - Sheet 05, Draw 10 - Sheet 10, Draw 12 - Sheet 02, Semi Finals (W3 vs. 6) - Sheet 10",Curling Male,Newfoundland and Labrador,4
219,NL,,"Routine 1, Final Routine, Routine 2",Gymnastics Trampoline - Synchro Male,Newfoundland and Labrador,5
220,NL,,,Judo Team Competition Male,Newfoundland and Labrador,
221,NL,"Michael Hiscock, Sarah Warren","Encounter 2C, Encounter 205, Encounter 212, Encounter 3C, Encounter 207",Table Tennis Doubles Mix,Newfoundland and Labrador,8
222,NL,"Dylan Collier, Blake Gambin, Taylor Gambin, Heidi Catherine Simpson, Hannah Amelia Steele, Jessica Willcott, Jake Young, Justin Young","Tie 07, Team Competition - 9th-12th (2), Tie 12, Team Competition - 11th",Badminton Team Competition Mix,Newfoundland and Labrador,12
223,NL,,,Speed Skating Short Track - Team Relay Male,Newfoundland and Labrador,
224,NL,"Agatha Howells, Ashley Stringer, Sophie Tulk, Morgan Brooke White","Encounter 002, Encounter 013, Encounter 104, Encounter 011, Encounter 023, Encounter 202",Squash Team Competition Female,Newfoundland and Labrador,8
225,NL,"Laura Callahan, Karlee Warren, Sarah Warren","Encounter 2C, Encounter 202, Encounter 205, Encounter 3C, Encounter 204, Encounter E_PLC5/6",Table Tennis Team Female,Newfoundland and Labrador,6
226,NL,"Andrew Meaney, John Peyton, Joel Stroud, Hunter Chad White","Encounter 011, Encounter 019, Encounter 034, Encounter 204, Encounter 015, Encounter 029, Encounter 105",Squash Team Competition Male,Newfoundland and Labrador,11
227,NL,,,Speed Skating Short Track - Team Relay Female,Newfoundland and Labrador,
228,NL,"William Dyke, Nathan Carter, Jack Connors, Zach Dean, Ryan Greene, Brett Hudson, Patrick Hurley, Brady Mitchelmore, Chase Wellon, Will Williams, Jordan Winter, James Clarke, Dawson Crane, Evan Martin, Ben James, Drew Locke, Liam Neil Marshall, Conor Shortall, Vijay Sahajpal, Kobe Burt","Game 01, Game 15, Game 23, 9th - 10th Position Game, Game 13, Game 20, Game 26",Hockey Male,Newfoundland and Labrador,10
229,NL,"Rachel Dean, Mackenzie Cahill, Brooklyn Childs, Jenna Dooley, Emily Hawco, Kendra John, Abby Newhook, Kathy Senior, Grace Smith, Shailynn Snow, Izzy Weist, Anna Barrington, Shae-Lynn Clarke, Kaylee Chelise Hurley, Carmen Sydney Elliott, Kailey Genge, Brooke Lannon, Brittany Pieroway, Jenny Bessey, Jennifer Nicole Bidgood","Game 01, Game 13, 9th - 10th Position Game, Game 07, Game 28",Hockey Female,Newfoundland and Labrador,10
230,NL,"Jesse M. Byrne, Lucas Daniel Hann, Samuel Parsons",Race,Biathlon 3 x 7.5 km Relay Male,Newfoundland and Labrador,10
231,NL,"Sarah McNeil Lamswood, Mackenzie Alyssa Mitchell, Mikayla Mary O’Reilly, Ainsleigh Catherine Piercey","Draw 1 - Sheet 10, Draw 3 - Sheet 02, Draw 6 - Sheet 06, Draw 8 - Sheet 09, Draw 11 - Sheet 07, Draw 2 - Sheet 04, Draw 4 - Sheet 08, Draw 7 - Sheet 04, Draw 10 - Sheet 11, Draw 12 - Sheet 03",Curling Female,Newfoundland and Labrador,9
232,NL,,,Judo Team Competition Female,Newfoundland and Labrador,
233,NL,"Gleb Evstigneev, Willow Rachel King, Allison Moore, Joshua Skinner","Female Routine, Male Routine",Gymnastics Trampoline - Team Mix,Newfoundland and Labrador,7
234,NL,"Laura Callahan, Karlee Warren","Encounter 2C, Encounter 201, Encounter 202, Encounter 3C, Encounter 205",Table Tennis Doubles Female,Newfoundland and Labrador,8
235,NL,"Tyler Green, Michael Hiscock, Ty Winsor","Encounter 2C, Encounter 203, Encounter 211, Encounter 3C, Encounter 205",Table Tennis Team Male,Newfoundland and Labrador,8
236,NL,,"Routine 1, Final Routine, Routine 2",Gymnastics Trampoline - Synchro Female,Newfoundland and Labrador,5
237,NL,"Rebecca Margaret Greene, Nicholas Arnold, Gavin Baggs, Stephanie Evans, Alex Wells, Nick Power, Jarrod Rodney Griffiths, Cassandra McGrath, Alex Kennedy, Jeremy Jones, Danielle Arbour","Game 02, Game 12, Game 18 (4B vs. 4A), Game 07, Game 16, Game 23 (3A vs. 4B)",Wheelchair Basketball Mix,Newfoundland and Labrador,8
238,NL,"Claire St. Croix, Katie Thistle",,Biathlon 3 x 6 km Relay Female,Newfoundland and Labrador,
239,NL,"Jillian Hutchings, Lauren Mills, Sarah Pace, Nadia Simpson, Megan Skinner, Jane Young","Beam - 1, Uneven Bars - 1, Beam - 2, Uneven Bars - 2, Beam - 3, Uneven Bars - 3, Floor - 1, Vault - 1, Floor - 2, Vault - 2, Floor - 3, Vault - 3",Gymnastics Artistic - Team Event Female,Newfoundland and Labrador,7
240,NL-A,"Jillian Hilary Coates, Chloe Dianne Reid, Abrham Rodgers, Hugh Warkentin",Race,Cross Country Skiing Relay Mix,Newfoundland and Labrador,13
241,NL-B,"Skyler May, Jamie Merrigan, Ella Ruth Tucker, Clare Youden",Race,Cross Country Skiing Relay Mix,Newfoundland and Labrador,16
242,NS,"Fiona Killarney McClure, Maggie McClure, Ogen Newcomb, Colin Ward",Race,Cross Country Skiing Relay Mix,Nova Scotia,10
243,NS,"Chris Churchill, Aden Kavanaugh, Kieran Scott Mackintosh, Ethan Young","Draw 1 - Sheet 09, Draw 3 - Sheet 05, Draw 5 - Sheet 11, Draw 8 - Sheet 06, Draw 11 - Sheet 04, Draw 2 - Sheet 03, Draw 4 - Sheet 07, Draw 7 - Sheet 09, Draw 9 - Sheet 10, Draw 12 - Sheet 02",Curling Male,Nova Scotia,7
244,NS,"Kolby Boutilier, Ashley Lynn Hamel","Total of Round 1 and Round 2, Round 2, Round 1",Archery Compound - Team Mix,Nova Scotia,9
245,NS,,,Biathlon 3 x 7.5 km Relay Male,Nova Scotia,
246,NS,,,Archery Recurve - Team Mix,Nova Scotia,
247,NS,"Elizabeth Evelyn C Welsh, Meredith Tulloch, Taylor Gray, Emma Simpson, Martha Avery, Amanda Parnell, Robyn Meredith, Kiersten Walker, Kylee Mansfield, Lindsay Norrie, Jordan Awalt, Grace MacKenzie, Emma Kelly, Emma Miller, Anna MacKenzie, Breanna Helen Marion Curren, Bethany Victoria Etsell, Catherine Landry","Game 03, Game 07, Game 25 (L21 vs. L19), Game 09, Game 21 (3rd Pool A vs. 2nd Pool B), 5th - 6th Position Game (W24 vs. W25)",Ringette Female,Nova Scotia,6
248,NS,,"Encounter 1B, Encounter 207, Encounter 215, Encounter 2B, Encounter 210",Table Tennis Doubles Mix,Nova Scotia,6
249,NS,"Cassidy Currie, Cate Fitzgerald, Cally Moore, Taylour Stevens","Draw 1 - Sheet 08, Draw 3 - Sheet 04, Draw 6 - Sheet 11, Draw 8 - Sheet 07, Draw 11 - Sheet 05, Quarterfinals (4th vs. 5th) - Sheet 07, Bronze Medal Game - Sheet 08, Draw 2 - Sheet 02, Draw 4 - Sheet 06, Draw 7 - Sheet 08, Draw 9 - Sheet 11, Draw 12 - Sheet 03, Semifinals (W 4 vs. 5) - Sheet 11",Curling Female,Nova Scotia,Bronze
250,NS,,"Encounter 1B, Encounter 205, Encounter 400, Encounter 2B, Encounter 210",Table Tennis Doubles Male,Nova Scotia,6
251,NS,"Vanessa Lynn Mae Stephens, Benjamin Power, Jack Corbett Sampson, Kendra Lynn Mclellan, Jordan Murray Allan Stephens, Kayla MacKinnon, Jason Drost, Liam Daniel Murray, Matthew James Hedley Budgell, Dee Osmond, Justin Stephens, Julia MacKinnon","Game 01, Game 13, Game 21 (3A vs. 5B), Game 09, Game 16, Game 24 (5B vs. 4A)",Wheelchair Basketball Mix,Nova Scotia,9
252,NS,,Finals,Speed Skating Long Track - Team Pursuit Male,Nova Scotia,6
253,NS,"Sam Gallant, Douglas Kosciukiewicz, Orlando Ramirez, Emmett Workman","Encounter 003, Encounter 013, Encounter 031, Encounter 202, Encounter 011, Encounter 025, Encounter 103",Squash Team Competition Male,Nova Scotia,7
254,NS,,"Routine 1, Final Routine, Routine 2",Gymnastics Trampoline - Synchro Male,Nova Scotia,7
255,NS,,Race,Biathlon 3 x 6 km Relay Female,Nova Scotia,8
256,NS,,"Floor - A, P Bars - A, Rings - A, Floor - B, P Bars - B, Rings - B, H Bar - A, Pommel Horse - A, Vault - A, H Bar - B, Pommel Horse - B, Vault - B",Gymnastics Artistic - Team Event Male,Nova Scotia,Bronze
257,NS,"Miklos Kanyasi, Courtney Ann MacDonald, Bryce Mason, Sarah Anne Alice Newman, Dana Marie Pothier, Natalie Claire Pothier, Eriq Proctor, Lareina Shen, Rory White, Sam White","Tie 03, Tie 17 (C1 v. B1), Team Competition - 5th, Tie 12, Tie 24 (L17 vs. L18)",Badminton Team Competition Mix,Nova Scotia,6
258,NS,,"Relay Heat 51C, Relay Final 53C",Speed Skating Short Track - Team Relay Male,Nova Scotia,10
259,NS,,,Judo Team Competition Male,Nova Scotia,
260,NS,"MADISON BECK, Jillian Duggan, Avi Adam, Nicole MacNeil, Maggy Burbidge, Ashlyn Garnett, Kyla Jordon Bent, Mallory Thornhill, Kara Stephanie MacLean, lindsey smith, Landyn Jaymes Pitts, Tiffany Hill, Deanna Fraser, Ella Catherine MacLean, Maddie Gray, Ellen Laurence, Maddy Walsh, Aimee O'Neill, Ashley Penney, Erin Denny","Game 05, Game 16, Game 24, 7th - 8th Position Game (L25 v L26), Game 12, Game 20, Game 26",Hockey Female,Nova Scotia,8
261,NS,,"Routine 1, Final Routine, Routine 2",Gymnastics Trampoline - Synchro Female,Nova Scotia,Silver
262,NS,"Jumana Abouelela, Rawan Abouelela, Ella Susan Brown, Madeleine Alexandra Khan","Encounter 003, Encounter 014, Encounter 028, Encounter 201, Encounter 009, Encounter 021, Encounter 104",Squash Team Competition Female,Nova Scotia,6
263,NS,"Imogen Brander-McMullen, Kate Cordeau, Nicole Dion, Alexandra MC Hernandez, Callie Macdonald, Libby MacLeod, April Anne Ozere, Kaia Noni Regan, Sarah Regan, Victoria Katherine Smith","Technical Routine, Free Routine, Technical Routine, Free Routine",Artistic Swimming Team Female,Nova Scotia,8
264,NS,,,Speed Skating Short Track - Team Relay Female,Nova Scotia,
265,NS,,"Female Routine, Male Routine",Gymnastics Trampoline - Team Mix,Nova Scotia,4
266,NS,"Liam Caron, Davis Michael Dauphinee, Ben Robertson","Encounter 1B, Encounter 205, Encounter E_PLC5/6, Encounter 2B, Encounter 3",Table Tennis Team Male,Nova Scotia,6
267,NS,"Luke Vardy, Connor Trenholm, RILEY KIDNEY, Oscar Plandowski, Colin Ervin Parker, Cam Whynot, Sam Archibald, Joey Merriam, mike sack, Matt MacDonald, Griffin James Peers, Cole Foston, Alex Ross, Cam MacDonald, Kenzie Walker MacPhail, Jake Goobie, Davis Ross Cooper, Zach Welsh, Tanner Greatorex, JACOB MELANSON","Game 05, Game 17, Game 35, Game 09, Game 28, 5th - 6th Position Game",Hockey Male,Nova Scotia,6
268,NS,,,Speed Skating Long Track - Team Pursuit Female,Nova Scotia,
269,NS,,,Judo Team Competition Female,Nova Scotia,
270,NS,,"Encounter 2B, Encounter 205, Encounter 400, Encounter 3B, Encounter 209",Table Tennis Doubles Female,Nova Scotia,6
271,NS,"Maddy Hayes, Kelsa Sibley, Carmen VanWychen","Encounter 1C, Encounter 203, Encounter 211, Encounter 3C, Encounter 206",Table Tennis Team Female,Nova Scotia,8
272,NS,,"Beam - 1, Uneven Bars - 1, Beam - 2, Uneven Bars - 2, Beam - 3, Uneven Bars - 3, Floor - 1, Vault - 1, Floor - 2, Vault - 2, Floor - 3, Vault - 3",Gymnastics Artistic - Team Event Female,Nova Scotia,8
273,NT,"Caleb Brake, Sawer Kaeser, Tristan MacPherson, Garret Minute","Draw 1 - Sheet 05, Draw 3 - Sheet 11, Draw 5 - Sheet 03, Draw 8 - Sheet 08, Draw 10 - Sheet 04, Draw 2 - Sheet 09, Draw 4 - Sheet 07, Draw 7 - Sheet 07, Draw 9 - Sheet 02, Draw 11 - Sheet 10",Curling Male,Northwest Territories,11
274,NT,,,Gymnastics Artistic - Team Event Male,Northwest Territories,
275,NT,"Tyanna Bain, Mataya Gillis, Pearl Gillis, Adrianna Hendrick","Draw 1 - Sheet 04, Draw 3 - Sheet 10, Draw 5 - Sheet 02, Draw 8 - Sheet 09, Draw 10 - Sheet 05, Draw 2 - Sheet 08, Draw 4 - Sheet 06, Draw 7 - Sheet 06, Draw 9 - Sheet 03, Draw 11 - Sheet 11",Curling Female,Northwest Territories,11
276,NT,"Nathan Cluff, Stephen Messier, Ethan Milkowski, Colton Robertson","Encounter 003, Encounter 019, Encounter 027, Encounter 203, Encounter 010, Encounter 021, Encounter 106",Squash Team Competition Male,Northwest Territories,10
277,NT,,,Biathlon 3 x 7.5 km Relay Male,Northwest Territories,
278,NT,,,Gymnastics Trampoline - Synchro Female,Northwest Territories,
279,NT,"Shannan Bonnetrouge, Gracie Brennan, Monika Kunderlik","Encounter 1C, Encounter 201, Encounter 210, Encounter 2C, Encounter 203",Table Tennis Team Female,Northwest Territories,10
280,NT,,,Judo Team Competition Female,Northwest Territories,
281,NT,"Shannan Bonnetrouge, Monika Kunderlik","Encounter 1C, Encounter 203, Encounter 207, Encounter 2C, Encounter 204",Table Tennis Doubles Female,Northwest Territories,10
282,NT,,,Speed Skating Short Track - Team Relay Female,Northwest Territories,
283,NT,"India Edwards, Simone Hipfner, Raphaëlle Poulin, Olivia Talen","Encounter 003, Encounter 016, Encounter 026, Encounter 202, Encounter 008, Encounter 020, Encounter 103",Squash Team Competition Female,Northwest Territories,7
284,NT,Casey Tai,"Tie 03, Team Competition - 13th, Tie 07",Badminton Team Competition Mix,Northwest Territories,13
285,NT,"Jamie Cluff, Abby Webster, Mackenzie McDonald, Emma Carey, Regan Bulger, Layne Leonard, Kiah Vail, Taylor Catcher, Deanne Whenham, Emily Carroll, Kyra McDonald, Sarah Fleming, Katie Hart, Emma Wicks, Brooklyn Helyar, Chandelle Leonard, Leesha Setzer, Dakota Earle, Madelyne Minkoff","Game 03, Game 14, Game 28, Game 07, Game 20, 11th - 12th Position Game",Hockey Female,Northwest Territories,11
286,NT,"David Dragon, Nikhilesh Gohil, Conner McKay-Ivanko","Encounter 1D, Encounter 202, Encounter 3D, Encounter 208",Table Tennis Team Male,Northwest Territories,11
287,NT,,"Beam - 1, Uneven Bars - 1, Beam - 2, Uneven Bars - 2, Beam - 3, Uneven Bars - 3, Floor - 1, Vault - 1, Floor - 2, Vault - 2, Floor - 3, Vault - 3",Gymnastics Artistic - Team Event Female,Northwest Territories,11
288,NT,"Katie Genge, Bailey Johnston","Total of Round 1 and Round 2, Round 2, Round 1",Archery Compound - Team Mix,Northwest Territories,11
289,NT,"Tayla Minute, Ferghus Rutherford-Simon","Total of Round 1 and Round 2, Round 2, Round 1",Archery Recurve - Team Mix,Northwest Territories,10
290,NT,,"Encounter 1C, Encounter 204, Encounter 2C",Table Tennis Doubles Mix,Northwest Territories,11
291,NT,"Ethan Aumond, Tysen Almond, McKinley Talbot, Tyler Caines, Ethan Anstey, Kaden Beck, James MacCara, Anthony Duhamel, Liam Carroll, Alex Cordero, Jonah Bevington, Logan Cunningham, Liam Tereposky, Andrew Carr, Samuel Schofield, Devin Vogel, Matthew Gillard, Declan Munro, Carter McLeod, Sam Skinner","Game 01, Game 14, Game 25, Game 08, Game 19, 11th-12th Position Game",Hockey Male,Northwest Territories,11
292,NT,,"Encounter 1D, Encounter 201, Encounter 3D, Encounter 207",Table Tennis Doubles Male,Northwest Territories,11
293,NT,,,Judo Team Competition Male,Northwest Territories,
294,NT,,"Relay Heat 51A, Relay Final 53B",Speed Skating Short Track - Team Relay Male,Northwest Territories,7
295,NT-A,"Nicolas Bennett, Donny Boake, Ella Kokelj, Clair Littlefair",Race,Cross Country Skiing Relay Mix,Northwest Territories,9
296,NT-B,"Kea Furniss, Jack Kotaska, Jack Panayi, Rae Panayi",Race,Cross Country Skiing Relay Mix,Northwest Territories,18
297,NU,"Layla Demerah, Kimberly Hokanak","Encounter 3D, Encounter 207, Encounter 201",Table Tennis Doubles Female,Nunavut,9
298,NU,"Ryan Eegeesiak-MacIntosh, Chase Harron, Owen Angootealuk, Xzavier Kubluitok, Bradley MATTHEW NOWDLAK FRASER, Felix Uttak Choquette, Luke Ijiraq Kusugak, Qas Kaludjak, Israel Maktar, Deion Ipirq-Pearce, Keelan Buckler, Nahshon James Thomas, Garren Voisey, JOSIE COTE, Taukie Ipeelie, Inuuki Burke, Maxwell Joy, Kaj Magnus Sandbakken, Brayden Uluqsi, Kyle Mullins","Game 07, Game 16, Game 26, Game 13, Game 19, 11th-12th Position Game",Hockey Male,Nunavut,12
299,NU,,,Judo Team Competition Female,Nunavut,
300,NU,,,Speed Skating Short Track - Team Relay Male,Nunavut,
301,NU,"Caleb Bolt, Kyshton Kalai","Encounter 2D, Encounter 202, Encounter 208, Encounter 3D, Encounter 203",Table Tennis Doubles Male,Nunavut,10
302,NU,"Derrick Akeeagok, Lerena Ashevak, Sappa Cookie, Johnassie Iqaluq, Mike Kavik Kavik, Megan Kilabuk, Davidee Kudluarok, Shawna Kyak, Jane Nakashuk","Tie 05, Tie 13, Team Competition - 9th, Tie 10, Team Competition - 9th-12th (1)",Badminton Team Competition Mix,Nunavut,10
303,NU,"Mackenzie May Demerah, Daniel Niptanatiak","Encounter 1D, Encounter 209, Encounter 205",Table Tennis Doubles Mix,Nunavut,10
304,NU,"Caleb Bolt, Kyshton Kalai, Daniel Niptanatiak","Encounter 2D, Encounter 201, Encounter 209, Encounter 3D, Encounter 203",Table Tennis Team Male,Nunavut,10
305,NU,,,Judo Team Competition Male,Nunavut,
306,NU,"Layla Demerah, Mackenzie May Demerah, Kimberly Hokanak","Encounter 3D, Encounter 210, Encounter 202",Table Tennis Team Female,Nunavut,9
307,NU,,"Relay Heat 50A, Relay Final 52B",Speed Skating Short Track - Team Relay Female,Nunavut,8
308,O'Donoghue/Bauer,"Austin Bauer, Kyleigh O'Donoghue","MATCH 97, QF 04, Gold Medal Match - Mixed Doubles, MATCH 104, SF2 Mixed Doubles",Badminton Doubles Mix,Alberta,Gold
309,ON,"Dylan Deverill, Neel Ismail, Nikhil Ismail, Liam Marrison","Encounter 002, Encounter 020, Encounter 028, Gold Medal, Encounter 016, Encounter 024, Encounter 101",Squash Team Competition Male,Ontario,Gold
310,ON,"Erik Arruda, David Johnston","Routine 1, Final Routine, Routine 2",Gymnastics Trampoline - Synchro Male,Ontario,Bronze
311,ON,"Bailey Doerfler, Rachel Krapman, Anne Lee, Alexandria LeFort, Alyssandra Phoebe Manuel, Angelina McCristall, Alyssa Shimabukuro","Match 01, Match 09, Match 05",Judo Team Competition Female,Ontario,Bronze
312,ON,"Erik Arruda, David Johnston, Sophia Moiseev, Laura Ranieri","Female Routine, Male Routine",Gymnastics Trampoline - Team Mix,Ontario,5
313,ON,"Sebastian Champagne, Zak Jackson, Bennett Lai, Kitz Richards, Connor Rogerson","Relay Heat 51C, Relay Final 53B",Speed Skating Short Track - Team Relay Male,Ontario,6
314,ON,"Bella Croisier, Piper Croisier, Lauren Rajala, Jamie Smith","Draw 1 - Sheet 02, Draw 3 - Sheet 08, Draw 7 - Sheet 04, Draw 9 - Sheet 07, Draw 11 - Sheet 11, Semifinals (W 4 vs. 5) - Sheet 11, Draw 2 - Sheet 06, Draw 6 - Sheet 11, Draw 8 - Sheet 03, Draw 10 - Sheet 09, Draw 12 - Sheet 05, Gold Medal Game - Sheet 10",Curling Female,Ontario,Gold
315,ON,"Alexander Bu, Sabrina Chen, Sam Orend, David Xu","Encounter 2A, Encounter 214, Encounter 3A, Gold Medal",Table Tennis Doubles Mix,Ontario,Silver
316,ON,"Abbigail Bunn, Dustin Watson","Total of Round 1 and Round 2, Round 2, Round 1, Elimination 002",Archery Compound - Team Mix,Ontario,5
317,ON,"Ann Shiao, Jin Wu","Encounter 2A, Encounter 210, Encounter 3A, Gold Medal",Table Tennis Doubles Female,Ontario,Silver
318,ON,"Ryan Conklin-Bric, Nick Langlois, Owen Macumber, Daniel McCristall, Lasha Tsatsalashvili, Erik Vandersanden, Keagan Young","Match 02, Match 11, Match 06",Judo Team Competition Male,Ontario,Bronze
319,ON,"Danna Ballantyne, Dania El Sammak, Claudia Heeney, Sylvia Kolodziejczyk, Mika Sun","Relay Heat 50B, Relay Final 52A",Speed Skating Short Track - Team Relay Female,Ontario,4
320,ON,"Sabrina Chen, Ann Shiao, Jin Wu","Encounter 2A, Encounter 3, Gold Medal, Encounter 3A, Encounter 213",Table Tennis Team Female,Ontario,Silver
321,ON,"Ryli Vallière, Reece Wilson-Poyton","Total of Round 1 and Round 2, Round 2, Elimination 102, Round 1, Elimination 004, Elimination 201 - Bronze Medal",Archery Recurve - Team Mix,Ontario,Bronze
322,ON,"Alexa Annecca, Rachel Freitag, Sierra Johnson, Lily Weidemann",Finals,Speed Skating Long Track - Team Pursuit Female,Ontario,5
323,ON,"Alexis DiDomizio, Emma Milne, Hope Moxam, Hannah Scharf, Dahlia Solorzano-Caruso, Kiera Wai","Beam - 1, Uneven Bars - 1, Beam - 2, Uneven Bars - 2, Beam - 3, Uneven Bars - 3, Floor - 1, Vault - 1, Floor - 2, Vault - 2, Floor - 3, Vault - 3",Gymnastics Artistic - Team Event Female,Ontario,Silver
324,ON,"Zach Connelly, Troy Martel, Toby Quinn, Keegan Tremblay",Race,Biathlon 3 x 7.5 km Relay Male,Ontario,4
325,ON,"Patrick Leaver, Ethan Larmand, Brennan Othmann, Connor Lockhart, Mason McTavish, Shane Wright, Chase Stillman, Francesco Pinelli, Josh Bloom, Cole Patey, Jacob Holmes, Danny Zhilkin, Ethan Del Mastro, Ben Gaudreau, Isaac Enright, Brandt Clarke, Connor Punnett, Roman Schmidt, Justin O'Donnell, Liam Arnsby","Game 05, Game 21, Game 36, Game 11, Game 27, Gold Medal Game (W34 vs. W36)",Hockey Male,Ontario,Silver
326,ON,"Zoe Pekos, Hannah Skelton, Mac Turner, Natasia Varieur",Race,Biathlon 3 x 6 km Relay Female,Ontario,4
327,ON,"Vanessa Giancaterini, Lee Melymick, Adel Akhmed, Manni Hothi, Puisand Lai, Erik Robeznieks, Eric Voss, Michael Kilonzo, Joanne Lee, Zoe Hahn, Sara Black, Aaron McDonald","Game 01, Game 10, Game 19 (1A vs. 2B), Game 07, Game 15, Gold Medal Match (W19 vs. W20)",Wheelchair Basketball Mix,Ontario,Silver
328,ON,"Vincent Barbon, Daniel Del Conte, Samuel Guilbeault, Nyk Moore","Draw 1 - Sheet 03, Draw 3 - Sheet 09, Draw 7 - Sheet 05, Draw 9 - Sheet 06, Draw 11 - Sheet 10, Semi Finals (W3 vs. 6) - Sheet 10, Draw 2 - Sheet 07, Draw 5 - Sheet 11, Draw 8 - Sheet 02, Draw 10 - Sheet 08, Draw 12 - Sheet 04, Gold Medal Game - Sheet 11",Curling Male,Ontario,Silver
329,ON,"Sam Orend, David Xu","Encounter 1A, Encounter 209, Bronze Medal, Encounter 2A, Encounter 1A",Table Tennis Doubles Male,Ontario,Bronze
330,ON,"Noah Bouma, Max Brant, Gibby Himbeault, Matthew Laxton",Finals,Speed Skating Long Track - Team Pursuit Male,Ontario,Bronze
331,ON,"Rachel Chan, Jacqueline Cheung, Catherine Choi, Darren Choi, Stanley Feng, Colin Jia, Crystal Lai, Jonathan Lai, Victor Lai, Talia Ng","Tie 01, Tie 16 (A1 v. B3), Team Competition Bronze Medal Match, Tie 11, Tie 21 (W16 vs. W19)",Badminton Team Competition Mix,Ontario,Bronze
332,ON,"Alexa Hoskin, Madison Beishuizen, Scout Watkins Southward, Megan Carter, Darcie Lappan, Nicole Kelly, Kendall Cooper, Maggie McKee, Gabrielle Davidson Adams, Maggie MacEachern, Brianna Brooks, Nicole Gosling, Maddi Wheeler, Amanda Rampado, Kayle Osborne, Laura Cote, Ainsley Svetek, Teagan Grant, Lindsay Bochna, Julia Gosling","Game 05, Game 17, Game 30, Game 10, Game 22, Bronze Medal Game (L29 v L30)",Hockey Female,Ontario,4
333,ON,"Janna Griffioen, Jada Laliberte, Liza Roik, Emma Kelly, Sydney Dagenais, Tatum Allen, Maddie MacLean, Emily Power, Laura Soper, Rachael Pelisek, Claire Wyville, Kenzie Taylor, Liza Knill, Kaitlyn Mc Gillen, Lydia Duncan, Marta Matuszewski, Paige Miller, Abby Hahn","Game 15, Game 06, Game 18 (1st Pool B vs. W17), Gold Medal Game (W22 vs. W23), Game 12, Game 02, Game 22 (W20 vs. W18)",Ringette Female,Ontario,Silver
334,ON,"Molly Chadwick, Brianna Jefferson, Salma Mounir, Charlotte Orcutt","Encounter 001, Encounter 018, Encounter 101, Encounter 011, Encounter 024, Gold Medal",Squash Team Competition Female,Ontario,Gold
335,ON,"Alexander Bu, Sam Orend, David Xu","Encounter 1A, Encounter 210, Gold Medal, Encounter 2A, Encounter 214",Table Tennis Team Male,Ontario,Silver
336,ON,"Dorian Doan, Chris Kaji, David Sandro, Evgeny Siminiuc, Kenji Tamane, Elel Baker","Floor - A, P Bars - A, Rings - A, Floor - B, P Bars - B, Rings - B, H Bar - A, Pommel Horse - A, Vault - A, H Bar - B, Pommel Horse - B, Vault - B",Gymnastics Artistic - Team Event Male,Ontario,Gold
337,ON,"Xinya Calhoun, Renee Chan, Marissa Enns, Scarlett Finn, Emma Fox, Chloe Massey, Claire Scheffel, Emma Spott, Jade Warren, Maddie Whitten","Technical Routine, Free Routine, Technical Routine, Free Routine",Artistic Swimming Team Female,Ontario,Bronze
338,ON,"Sophia Moiseev, Laura Ranieri","Routine 1, Final Routine, Routine 2",Gymnastics Trampoline - Synchro Female,Ontario,8
339,ON-A,"Pierre Grall-Johnson, Shaylynn Loewen, Graham Ritchie, Heidi Stewart",Race,Cross Country Skiing Relay Mix,Ontario,5
340,ON-B,"Sarah Macintosh, Erik Schlyter, Anna Stewart, Malcolm Thompson",Race,Cross Country Skiing Relay Mix,Ontario,19
341,Ong/Redekop,"Madison Ong, Brandon Redekop",MATCH 87,Badminton Doubles Mix,Saskatchewan,17
342,Pan/Lawther,"Sam Lawther, David Pan","MATCH 100, MATCH 107",Badminton Doubles Mix,Prince Edward Island,9
343,Patel/Sinclair,"Arnish Patel, Emalia Sinclair","MATCH 86, MATCH 98, MATCH 108",Badminton Doubles Mix,Manitoba,9
344,PE,"Spencer Freeze, Macy Shaddick","Total of Round 1 and Round 2, Round 2, Round 1, Elimination 001",Archery Recurve - Team Mix,Prince Edward Island,8
345,PE,,,Table Tennis Doubles Mix,Prince Edward Island,
346,PE,"Maria Cheeseman, Lindsey Drover, Gracie McQuaid, Liv Phillips","Encounter 009, Encounter 019, Encounter 027, Encounter 203, Encounter 015, Encounter 020, Encounter 105",Squash Team Competition Female,Prince Edward Island,10
347,PE,,Race,Biathlon 3 x 7.5 km Relay Male,Prince Edward Island,9
348,PE,,"Match 03, Match 10",Judo Team Competition Male,Prince Edward Island,7
349,PE,,"Relay Heat 51B, Relay Final 53B",Speed Skating Short Track - Team Relay Male,Prince Edward Island,5
350,PE,,Race,Biathlon 3 x 6 km Relay Female,Prince Edward Island,7
351,PE,,"Encounter 1C, Encounter 203, Encounter 1A, Encounter 2C, Encounter 205",Table Tennis Doubles Male,Prince Edward Island,7
352,PE,"Michael Cheeseman, Thomas Cheeseman, Liam Frederick Jinks, Charlie Peacock","Encounter 009, Encounter 018, Encounter 033, Encounter 203, Encounter 014, Encounter 028, Encounter 105",Squash Team Competition Male,Prince Edward Island,9
353,PE,"Alexis Marina Burris, Lauren Ferguson, Lexie Murray, Katie Shaw","Draw 1 - Sheet 02, Draw 3 - Sheet 06, Draw 6 - Sheet 08, Draw 8 - Sheet 07, Draw 10 - Sheet 05, Draw 2 - Sheet 04, Draw 4 - Sheet 10, Draw 7 - Sheet 02, Draw 9 - Sheet 09, Draw 12 - Sheet 11",Curling Female,Prince Edward Island,7
354,PE,,"Match 02, Match 08",Judo Team Competition Female,Prince Edward Island,7
355,PE,"Nicholas Alan Johnston, Liam Kelly, Colin Roy MacKenzie, Mitchell Schut","Draw 1 - Sheet 03, Draw 3 - Sheet 07, Draw 6 - Sheet 09, Draw 8 - Sheet 06, Draw 10 - Sheet 04, Draw 2 - Sheet 05, Draw 4 - Sheet 11, Draw 7 - Sheet 03, Draw 9 - Sheet 08, Draw 12 - Sheet 10",Curling Male,Prince Edward Island,10
356,PE,,,Speed Skating Long Track - Team Pursuit Female,Prince Edward Island,
357,PE,"Michael Bernard, Hayden Ford, Emma Hughes, Sam Lawther, Karla McCallum, David Pan, Jack Ronahan, Sam Yuan, Alex Zheng, Katherine Zhu","Tie 05, Tie 15, Team Competition - 9th, Tie 09, Team Competition - 9th-12th (2)",Badminton Team Competition Mix,Prince Edward Island,9
358,PE,,"Beam - 1, Uneven Bars - 1, Beam - 2, Uneven Bars - 2, Beam - 3, Uneven Bars - 3, Floor - 1, Vault - 1, Floor - 2, Vault - 2, Floor - 3, Vault - 3",Gymnastics Artistic - Team Event Female,Prince Edward Island,10
359,PE,,,Speed Skating Long Track - Team Pursuit Male,Prince Edward Island,
360,PE,"Zach Biggar, Marshall Dylan Gallant, Jacob Squires, Donovan George Arsenault, Connor Keough, Kal White, Simon Hughes, Cole McKeigan, Jack Campbell, Reid Alan Vos, Aiden John Williams, Harrison James, Seth MacLeod, Matthew McQuaid, Alex Graham, Isaac Vos, Max Chisholm, Josh Lund, Cameron MacLean, Josh Smith","Game 02, Game 16, Game 24, 9th - 10th Position Game, Game 08, Game 20, Game 25",Hockey Male,Prince Edward Island,9
361,PE,"Mike Li, Steven Liu, Daniel Zhao","Encounter 1C, Encounter 202, Encounter 209, Encounter 2C, Encounter 204",Table Tennis Team Male,Prince Edward Island,9
362,PE,"Maggie Johnston, Chloe McCabe, Kyara Somers, Lexie Murphy, Charlotte Lynn Linkletter, Carla Stewart, Gabrielle MacDonald, Gracyn Handrahan, Sophie Flynn, Tianna Gallant, Mya Chisholm, Hannah LeClair, Sarah MacEachern, Carly Elizabeth Thompson, Jacqueline Mary Joan Mix, Paige Deighan, Rory Aiken, Heidi Lauwerijssen, Chloe Hawes, Hilarie Gaudet","Game 03, Game 13, Game 27, Game 08, Game 19, 9th - 10th Position Game",Hockey Female,Prince Edward Island,9
363,PE,,"Floor - A, P Bars - A, Rings - A, Floor - B, P Bars - B, Rings - B, H Bar - A, Pommel Horse - A, Vault - A, H Bar - B, Pommel Horse - B, Vault - B",Gymnastics Artistic - Team Event Male,Prince Edward Island,9
364,PE,,,Table Tennis Doubles Female,Prince Edward Island,
365,PE,"Danielle Marie Steadman, Alex McMonagle, Natalie Caron, Abigale James, Robyn Power, Christina Devine, Madi Fisher, Autumn Chandler, Olivia Devine, Sarah Legault, Devon Costello, Kayda Hawkins, Georgia Fraser, Quinn Kirkland, Brittney MacCormac, Danielle Hayes, Haley Larkin, Carley Matheson","Game 16, Game 10, Game 17 (4th Pool A vs. 5th Pool B), Game 14, Game 06",Ringette Female,Prince Edward Island,9
366,PE,"Kristen Kathleen Arsenault, Keegan Crawford","Total of Round 1 and Round 2, Round 2, Round 1, Elimination 001",Archery Compound - Team Mix,Prince Edward Island,7
367,PE,,,Speed Skating Short Track - Team Relay Female,Prince Edward Island,
368,Pelé/Portz,"Grace Pelé, Joel Portz","Pattern Dance, Free Dance",Figure Skating Dance Pre-Novice Mix,Alberta,Silver
369,Pothier/Shen,"Dana Marie Pothier, Lareina Shen",,Badminton Doubles Female,Nova Scotia,
370,Pothier/White,"Dana Marie Pothier, Rory White",MATCH 85,Badminton Doubles Mix,Nova Scotia,17
371,Proud/Stirrat,"Hannah McDonagh-Proud, Kendall Stirrat","Technical Routine, Free Routine, Technical Routine, Free Routine",Artistic Swimming Duet Female,British Columbia,5
372,QC,"Sylv Roy, Alex Bougie, Benjamin Palmer, Sandrine Bérubé, Gabriel Giguere, Aurélie Jacob-Verreault, Jean-Charles Giguère, Tristan Lessard, Wackrood Belfort, Elodie Tessier, Rose Béliveau, Collin Lalonde","Game 04, Game 14, Bronze Medal Match (L19 vs. L20), Game 08, Game 19 (1A vs. 2B)",Wheelchair Basketball Mix,Quebec,Bronze
373,QC,"Rémi Aubin, Sara-Jade Berthiaume, Benjamin Lagacé, Laurence Roux","Female Routine, Male Routine",Gymnastics Trampoline - Team Mix,Quebec,Gold
374,QC,"Karim Michael, Romain Salmon, Marat Sargsyan, Cyrus Sarmad","Encounter 001, Encounter 012, Encounter 030, Bronze Medal, Encounter 009, Encounter 024, Encounter 102",Squash Team Competition Male,Quebec,4
375,QC,"Emmanuelle Côté, Véronique Déry, Rose-Anne Grenier, Rose Laliberté-Roy",Finals,Speed Skating Long Track - Team Pursuit Female,Quebec,Gold
376,QC,"Jacob Gagnon, Marie-Ève Gélinas","Total of Round 1 and Round 2, Round 2, Elimination 101, Round 1, Elimination 002, Elimination 301 - Gold Medal",Archery Recurve - Team Mix,Quebec,Gold
377,QC,"Alexis LeBel, Cédric Maurice, Charles Patton, Mathis Pedneault","Draw 1 - Sheet 07, Draw 4 - Sheet 05, Draw 7 - Sheet 09, Draw 9 - Sheet 08, Draw 11 - Sheet 06, Draw 2 - Sheet 11, Draw 5 - Sheet 03, Draw 8 - Sheet 10, Draw 10 - Sheet 02, Draw 12 - Sheet 04",Curling Male,Quebec,9
378,QC,"Emilia Cabrera Mallette, Sophie Gauthier, Katherine Morin","Encounter 1A, Encounter 213, Encounter 2A, Bronze Medal",Table Tennis Team Female,Quebec,Bronze
379,QC,"Charlotte Chagnon, Gabrielle Deslauriers, Chloé Lorange, Myrelle Morin, Chelsea Murray, Amanda Pedicelli","Beam - 1, Uneven Bars - 1, Beam - 2, Uneven Bars - 2, Beam - 3, Uneven Bars - 3, Floor - 1, Vault - 1, Floor - 2, Vault - 2, Floor - 3, Vault - 3",Gymnastics Artistic - Team Event Female,Quebec,Gold
380,QC,"Edward Ly, Matteo Martin, Tommy Xu","Encounter 1A, Encounter 212, Encounter 3A, Gold Medal",Table Tennis Team Male,Quebec,Gold
381,QC,"Andrew Choi, Béatrice Guay, Xavier Laperriere, Camille Leblanc, Alexandra Mocanu, Mathieu Morneau, Anthony Nguyen, Nicolas Nguyen, Alyson Ruan, Eliana Ruobing Zhang","Tie 08, Tie 17 (C1 v. B1), Team Competition Gold Medal Match, Tie 14, Tie 22 (W17 vs. W18)",Badminton Team Competition Mix,Quebec,Silver
382,QC,"Marie Angela Lynn Alexandra Paquette, Matthew Turcotte","Total of Round 1 and Round 2, Round 2, Elimination 101, Round 1, Elimination 001, Elimination 301 - Gold Medal",Archery Compound - Team Mix,Quebec,Gold
383,QC,"Jasmine Boucley, Désirée Defour, Iman Shaheen, Joelle Adriana Vega","Encounter 001, Encounter 017, Encounter 102, Encounter 013, Encounter 025, Bronze Medal",Squash Team Competition Female,Quebec,4
384,QC,"Rosalie Boissonneault, Mikaëlle Gauthier, Shirine Gauvin, Sarah Hebert, Claudia Janvier, Taissia Kutnyk, Cendrine Lemire, Raphaëlle Plante, Kiara Quieti, Audrey Veilleux","Technical Routine, Free Routine, Technical Routine, Free Routine",Artistic Swimming Team Female,Quebec,Silver
385,QC,"Adrianna Emond, Pauline Gerda Grandbois, Frédérique Karia Pérusse, Piaper Veinotte",Race,Biathlon 3 x 6 km Relay Female,Quebec,Silver
386,QC,"William Dandjinou, Manuel Falardeau, Nicolas Perreault, Félix Pigeon, Félix Roussel","Relay Heat 51A, Relay Final 53A",Speed Skating Short Track - Team Relay Male,Quebec,Gold
387,QC,"Anthony Balan, Félix Blaquière, Félix Dolci, Maxime Prieur, Igor Velicico, Nathan Yvars","Floor - A, P Bars - A, Rings - A, Floor - B, P Bars - B, Rings - B, H Bar - A, Pommel Horse - A, Vault - A, H Bar - B, Pommel Horse - B, Vault - B",Gymnastics Artistic - Team Event Male,Quebec,Silver
388,QC,"Sophie Gauthier, Edward Ly","Encounter 1A, Encounter 213, Encounter 3A, Gold Medal",Table Tennis Doubles Mix,Quebec,Gold
389,QC,"Matteo Martin, Tommy Xu","Encounter 1A, Encounter 3A, Encounter 3A, Gold Medal",Table Tennis Doubles Male,Quebec,Gold
390,QC,"alexandre arencibia, Félix-Olivier Bertrand, Arno Blacquière, VICTOR GOUGEON-GAZÉ, Justin Lemire, Simon paquet, Martin Penchev","Match 03, Gold Medal Match, Match 06",Judo Team Competition Male,Quebec,Gold
391,QC,"Rémi Aubin, Benjamin Lagacé","Routine 1, Final Routine, Routine 2",Gymnastics Trampoline - Synchro Male,Quebec,Gold
392,QC,"Sara-Jade Berthiaume, Laurence Roux","Routine 1, Final Routine, Routine 2",Gymnastics Trampoline - Synchro Female,Quebec,Bronze
393,QC,"Emilia Cabrera Mallette, Katherine Morin","Encounter 1A, Encounter 208, Bronze Medal, Encounter 2A, Encounter 3A",Table Tennis Doubles Female,Quebec,Bronze
394,QC,"Roxanne Beaudry, Juliette Brindamour, Léa Chamberland-Dostie, Kélian Quevillon, Léa Tessier","Relay Heat 50A, Relay Final 52A",Speed Skating Short Track - Team Relay Female,Quebec,Gold
395,QC,"Amber Gargul, Hannah Gargul, Kyra Johnson, Amy Upton","Draw 1 - Sheet 06, Draw 4 - Sheet 04, Draw 7 - Sheet 08, Draw 9 - Sheet 09, Draw 11 - Sheet 07, Draw 2 - Sheet 10, Draw 5 - Sheet 02, Draw 8 - Sheet 11, Draw 10 - Sheet 03, Draw 12 - Sheet 05",Curling Female,Quebec,8
396,QC,"Chloé Marcoux, Emilie Cunial, Jolianne Lacroix, Ariane Sagala, Alex Raymond-Couturier, Sara Plouffe, Julie Vandal, Jaime Mina McGrath, Évelyne Martel, Marie-Ève Dubé, Mélissa Demers, Mégane Fortin, Laurence St-denis, Amélie Carrier, Camille Dumont, Frédérique Labrie, Isabella Larocque, Jasmina Morroni","Game 16, Game 08, Game 21 (3rd Pool A vs. 2nd Pool B), Gold Medal Game (W22 vs. W23), Game 13, Game 02, Game 23 (W21 vs. W19)",Ringette Female,Quebec,Gold
397,QC,"Cédrick Brunet, Antoine Gagnon-Lamarche, William Bilodeau, William Sohier",Finals,Speed Skating Long Track - Team Pursuit Male,Quebec,Silver
398,QC,"Chloé Gendreau, Maya Labad, Émilie Lavoie, Émilie Lussier, Ann-Frédérik Naud, Marianne Picard, Béatrice Bilodeau, Amélie Poiré-Lehoux, Zoé Thibault, Bianca Fodor, Gabrielle Plourde, Brianna Ware, Mégane Quirion, Alexie Guay, Eve Gascon, Mahika Sarrazin, Andi Calderone, Alexandra-Anne Boyer, Angélique Proulx, Meghane Duchesne Chalifoux","Game 04, Game 18, Game 30, Game 11, Game 24, Gold Medal Game (W29 v W30)",Hockey Female,Quebec,Silver
399,QC,"Zachary L'Heureux, James Malatesta, Olivier Nadeau, Maxime Pellerin, Joshua Roy, Dovar Tinling, Alexi Van Houtte-Cachero, Zachary Bolduc, Mikael Diotte, Justin Stephan Robidas, Anthony Bédard, Tristan Roy, Nathan Gaucher, William Blackburn, William Rousseau, Guillaume Richard, Jacob Guévin, Charle Truchon, Tristan Luneau, Olivier Boutin","Game 03, Game 21, Game 34, Game 09, Game 29, Gold Medal Game (W34 vs. W36)",Hockey Male,Quebec,Gold
400,QC,"Zachary Demers, Leo Grandbois, Frédéric Hamel, Oliver Holder",Race,Biathlon 3 x 7.5 km Relay Male,Quebec,Gold
401,QC,"Samia Boussarhane, Coralie Godbout, Anne-Clara Guérin, Sophie Lapointe, Sarah Maloum, Ilhem Ouali, Mathilde Simard-Lejeune","Match 04, Match 10, Match 06",Judo Team Competition Female,Quebec,Bronze
402,QC-A,"Antoine Cyr, Laura Leclair, Olivier Léveillé, Anne-Marie Petitclerc",Race,Cross Country Skiing Relay Mix,Quebec,Silver
403,QC-B,"Tove Halvorsen, John Lindfors, Felix-Olivier Moreau, Alexandra Racine",Race,Cross Country Skiing Relay Mix,Quebec,6
404,Rogers/Morrissey,"Jaryd Morrissey, Samantha Marie Rogers",,Badminton Doubles Mix,New Brunswick,17
405,Rogers/Skinner,"Samantha Marie Rogers, Sophie Skinner",Match 77,Badminton Doubles Female,New Brunswick,9
406,Ronahan/Yuan,"Jack Ronahan, Sam Yuan",Match 58,Badminton Doubles Male,Prince Edward Island,17
407,Schmitz/Taylor,"Ashlyn Schmitz, Tristan Taylor","Short Program, Free Program",Figure Skating Pairs Pre-Novice Mix,Saskatchewan,Bronze
408,Senthilkumaran/Sinclair,"Ghajaa Senthilkumaran, Emalia Sinclair",MATCH 78,Badminton Doubles Female,Manitoba,9
409,Simpson/Young,"Heidi Catherine Simpson, Justin Young",MATCH 97,Badminton Doubles Mix,Newfoundland and Labrador,17
410,SK,"Ceili Bracha, Vanessa Marie Coutu, Shannon Emily Dallaire, Cara Harms, Heather Harrison","Relay Heat 50B, Relay Final 52B",Speed Skating Short Track - Team Relay Female,Saskatchewan,6
411,SK,,Race,Biathlon 3 x 6 km Relay Female,Saskatchewan,5
412,SK,"Aron Bargen, Michio Green, Logan Pletz",Race,Biathlon 3 x 7.5 km Relay Male,Saskatchewan,5
413,SK,"Joshua Albert Donais, Brecklin Gervais, James Henry Hom, Andrew Murray Myers","Draw 1 - Sheet 05, Draw 3 - Sheet 09, Draw 6 - Sheet 07, Draw 9 - Sheet 04, Draw 11 - Sheet 02, Draw 2 - Sheet 03, Draw 4 - Sheet 11, Draw 8 - Sheet 10, Draw 10 - Sheet 06, Draw 12 - Sheet 08",Curling Male,Saskatchewan,8
414,SK,"Syed Hasan, Aliya Liu","Encounter 1C, Encounter 206, Encounter 212, Encounter 3C, Encounter 208",Table Tennis Doubles Mix,Saskatchewan,7
415,SK,"Justin Dueck, Kyle Bochek, Logan Cox, Ashton Ferster, Matthew Hodson, Gabe Klassen, Logan Linklater, Kirk Mullen, Cole Sillinger, Blake Swetlikoff, Hayden Wilm, Nolan Allan, Joe Arntsen, Brett Mirwald, Logan Bairos, Logen Hammett, Jacob Hoffrogge, Karter Prosofsky, Marek Schneider, Kevin Anderson","Game 06, Game 18, Game 34, Game 10, Game 28, Bronze Medal Game (L34 vs. L36)",Hockey Male,Saskatchewan,4
416,SK,"Skylar Ackerman, Chantel Suzanne Hoag, Madison Johnson, Samantha Joanne-Lynn McLaren","Draw 1 - Sheet 04, Draw 3 - Sheet 08, Draw 6 - Sheet 06, Draw 9 - Sheet 05, Draw 11 - Sheet 03, Quarterfinals (4th vs. 5th) - Sheet 07, Draw 2 - Sheet 02, Draw 4 - Sheet 10, Draw 8 - Sheet 11, Draw 10 - Sheet 07, Draw 12 - Sheet 09",Curling Female,Saskatchewan,6
417,SK,"Marc-André Doyon, Brad Heit, Dade Meinert, Matthew Scutchings",Finals,Speed Skating Long Track - Team Pursuit Male,Saskatchewan,4
418,SK,"Lucy Fan, Ruby Sha","Encounter 1C, Encounter 204, Encounter 208, Encounter 3C, Encounter 206, Encounter 400",Table Tennis Doubles Female,Saskatchewan,5
419,SK,"Ashley Anaka, Hannah Metheral","Routine 1, Final Routine, Routine 2",Gymnastics Trampoline - Synchro Female,Saskatchewan,Gold
420,SK,"Trystan Black, Katherine Brennan, Sunnie Chi, Nataly Eng, Emilie Aline Martin, Madison Ong, Brandon Redekop, Chaitanya Sohani, Prasanna Sohani, Jon Tu","Tie 04, Tie 13, Tie 24 (L17 vs. L18), Tie 09, Tie 18 (D1 v. A2), Team Competition - 7th",Badminton Team Competition Mix,Saskatchewan,8
421,SK,"Arden Kliewer, Joelle Fiala, Miranda Heidt, Carissa Hogan, Kaitlin Jockims, Jadyn Kushniruk, Anna Leschyshyn, Taylor Lind, Jayda Sachs, Grace Shirley, Abby Soyko, Ally Hayhurst, Annie King, Chantel Weller, Ashley Messier, Chace Sperling, Brooklyn Stevely, Grace Tam, Kate Ball, Kennedy Bobyck","Game 02, Game 18, Game 26, Game 09, Game 22, 5th - 6th Position Game (W25 v W26)",Hockey Female,Saskatchewan,6
422,SK,"Aley Chrunik, Amy Jaye Jorgensen, Alix Pierce, Amanda Paige Walker, Emily Elizabeth Walker, Rya Wiebe","Beam - 1, Uneven Bars - 1, Beam - 2, Uneven Bars - 2, Beam - 3, Uneven Bars - 3, Floor - 1, Vault - 1, Floor - 2, Vault - 2, Floor - 3, Vault - 3",Gymnastics Artistic - Team Event Female,Saskatchewan,5
423,SK,"Hunter Chipley, Jay Gegner","Total of Round 1 and Round 2, Round 2, Elimination 102, Round 1, Elimination 003, Elimination 301 - Gold Medal",Archery Recurve - Team Mix,Saskatchewan,Silver
424,SK,"Miranda Bellisle, Sasha Chilibeck, Paige Irwin, Elysia Kehrig, Kelley Mills, Devrie Newsted","Match 01, Match 10, Match 08",Judo Team Competition Female,Saskatchewan,5
425,SK,"Joshua Xianzhe Lu, Joey Xi","Encounter 1C, Encounter 204, Encounter 209, Encounter 3C, Encounter 206, Encounter 400",Table Tennis Doubles Male,Saskatchewan,5
426,SK,"Syed Hasan, Joshua Xianzhe Lu, Joey Xi","Encounter 1C, Encounter 204, Encounter 211, Encounter 3C, Encounter 207",Table Tennis Team Male,Saskatchewan,7
427,SK,"GHRANDOZZ AGUILAR, Daniel Bagnell, Euan Leo Litzenberger, Maximus Louis Litzenberger, Justin Matthew Mckay, Kyle Troy Mckay","Match 01, Match 10, Match 02, Match 12",Judo Team Competition Male,Saskatchewan,5
428,SK,"Lucy Fan, Aliya Liu, Ruby Sha","Encounter 1B, Encounter 206, Encounter E_PLC5/6, Encounter 2B, Encounter 3",Table Tennis Team Female,Saskatchewan,5
429,SK,"Jacob Bourassa, J'lynn Mitchell","Total of Round 1 and Round 2, Round 2, Elimination 101, Round 1, Elimination 002, Elimination 201 - Bronze Medal",Archery Compound - Team Mix,Saskatchewan,Bronze
430,SK,"Reed Fitzgerald, Isaiah Scott Richter, Noah Michael Richter, Ethan Thomas Sutherland","Encounter 012, Encounter 022, Encounter 033, Encounter 201, Encounter 016, Encounter 026, Encounter 104",Squash Team Competition Male,Saskatchewan,6
431,SK,"Holland Heather Kozan, Keala Fleury, Sam Skaar, Chandria Yang, Sarah Blomquist, Hannah Corney, Briana Hess, Abby Corney, Kelly Davison, Mack Janzen, Anna Markwart, Jaycee Cale, Maya Fleury, Jenna Carter, Kennedy Gray, Sierra Page, Jordy Voykin, Dana Sapieha","Game 15, Game 10, Game 19 (1st Pool A vs. 4th Pool B), 7th - 8th Position Game (L24 vs. L25), Game 13, Game 04, Game 25 (L21 vs. L19)",Ringette Female,Saskatchewan,8
432,SK,"Ainsley Reese Bristol, Sydney Blue Carroll, Anna Dolgova, Jordyn Friedt, Bailey Hargreaves, Kiara Kroetsch, Kaibrie Lumbard, Kallie Lumbard, McKenna Martin, Emma Rainbow","Technical Routine, Free Routine, Technical Routine, Free Routine",Artistic Swimming Team Female,Saskatchewan,5
433,SK,"Kali Ann Friesen, Annika Marshall, Emmie Pelet, Meela Riben",Finals,Speed Skating Long Track - Team Pursuit Female,Saskatchewan,6
434,SK,"Shelby Harrower, Jared A Sajtos, Tanner Bolianatz, Jordan Mark Bortis, Bryson Bolianatz, Rachel Bindle, Jared Striemer, Chantel Scherr, Kaelen Rayne Hoffmueller, Garrett Chase Ostepchuk, Ekram Nabi, Brady Arthurs","Game 03, Game 14, Game 21 (3A vs. 5B), Game 06, Game 17 (3B vs. 3A), Game 23 (3A vs. 4B)",Wheelchair Basketball Mix,Saskatchewan,5
435,SK,"Joshua Comfort, Bon Lowe, Daniel Brian Pauli, Keagan Waddington, Jackson Wright","Relay Heat 51C, Relay Final 53B",Speed Skating Short Track - Team Relay Male,Saskatchewan,8
436,SK,"Khushi Goyal, Clarizze Perpetua, Sana Rehman, Summer Schofield","Encounter 012, Encounter 023, Encounter 103, Encounter 018, Encounter 025, Encounter 201",Squash Team Competition Female,Saskatchewan,5
437,SK,"Josiah Besler, Jordan Carroll, Jessie Georget, Ashton Kotlar, Noah Royer","Floor - A, P Bars - A, Rings - A, Floor - B, P Bars - B, Rings - B, H Bar - A, Pommel Horse - A, Vault - A, H Bar - B, Pommel Horse - B, Vault - B",Gymnastics Artistic - Team Event Male,Saskatchewan,4
438,SK-A,"Matt Gill, Mackenzie Lee Grove, Janice Grundahl, Nathan Gordon Weiman",Race,Cross Country Skiing Relay Mix,Saskatchewan,12
439,SK-B,"Simon Chambers crease, Jessica Jean Gill, Michio Green, Taylor Dawn Harrington",Race,Cross Country Skiing Relay Mix,Saskatchewan,17
440,Sohani/Sohani,"Chaitanya Sohani, Prasanna Sohani","Match 59, QF 01, Match 70",Badminton Doubles Male,Saskatchewan,5
441,Spott/Whitten,"Emma Spott, Maddie Whitten","Technical Routine, Free Routine, Technical Routine, Free Routine",Artistic Swimming Duet Female,Ontario,Bronze
442,Wang/Wadia,"Imran Wadia, Takeisha Wang","MATCH 89, QF 02, Gold Medal Match - Mixed Doubles, MATCH 102, SF1 Mixed Doubles",Badminton Doubles Mix,Alberta,Silver
443,Wilberforce/Wright,"Lily Wilberforce, Aidan Wright","Short Program, Free Program",Figure Skating Pairs Pre-Novice Mix,Ontario,Gold
444,YT,"Ecko Deelia Kirk, Orlina Ménard, Rachel Dawn Kormendy, Piper Fordham, Isabelle Oestreich, Maddie Nicholson, Georgia Musil, Zoë Leas, Cayman Oestreich, Haley McConnell, Joy Morin, Anna A S Lund, Alix Walchuk, Wynne Anderson-Lindsay, Arnica Bulmer, Emma Curtis, Jaden Ezzard, Samantha McLeod, Jordan Macdonald, Cassie Cebuliak","Game 01, Game 14, 11th - 12th Position Game, Game 08, Game 27",Hockey Female,Yukon,12
445,YT,"Max Zimmermann, Joey Schultz, Hugo Burgess, Kyle Schwantz, Ty Beacon, Jonny Timmons, Austin Larkin, Connor Cooper, Ashton Underhill, Eric Potvin, Zion David Quaile, Landon Marsh, Maximus Wolsynuk, Dawson Smith, Connor Shawn Cozens, Ryder Twardochleb, Sawyer Adams, Owen Palfreyman, Kyron Crosby, Cole Cowan","Game 02, Game 14, Game 07, Game 15",Hockey Male,Yukon,13
446,YT,,Race,Biathlon 3 x 7.5 km Relay Male,Yukon,6
447,YT,,"Encounter 1D, Encounter 206, Encounter 204, Encounter 209",Table Tennis Doubles Mix,Yukon,9
448,YT,"Vincent Ménard, Sofija Jewell","Total of Round 1 and Round 2, Round 2, Elimination 102, Round 1, Elimination 003, Elimination 201 - Bronze Medal",Archery Compound - Team Mix,Yukon,4
449,YT,,,Biathlon 3 x 6 km Relay Female,Yukon,
450,YT,,"Encounter 1D, Encounter 202, Encounter 2D, Encounter 207",Table Tennis Doubles Male,Yukon,12
451,YT,,,Judo Team Competition Female,Yukon,
452,YT,,,Speed Skating Short Track - Team Relay Male,Yukon,
453,YT,,"Encounter 3D, Encounter 203",Table Tennis Doubles Female,Yukon,11
454,YT,"Mackenzie Cameron, Ivan Johnson, Rannon Johnson, Isaac Maddocks","Encounter 001, Encounter 018, Encounter 026, Encounter 204, Encounter 008, Encounter 020, Encounter 106",Squash Team Competition Male,Yukon,12
455,YT,,"Match 01, Match 08",Judo Team Competition Male,Yukon,9
456,YT,,,Gymnastics Artistic - Team Event Male,Yukon,
457,YT,"Austin Meng Au, Gabrielle Bélanger, Carl Knickle, Lukas Sebastian Kobler, Lily Kremer, Shayla Kremer, Tristan Kremer, Anton Menzel","Tie 04, Tie 15, Team Competition - 9th-12th (1), Tie 10, Team Competition - 13th, Team Competition - 11th",Badminton Team Competition Mix,Yukon,11
458,YT,"Seth Bennett, Krish Sharma, Jake Tucker","Encounter 1D, Encounter 201, Encounter 2D, Encounter 208",Table Tennis Team Male,Yukon,12
459,YT,"Wyatt Kapaniuk, Emma Tom Tom","Total of Round 1 and Round 2, Round 2, Round 1",Archery Recurve - Team Mix,Yukon,9
460,YT,,,Speed Skating Short Track - Team Relay Female,Yukon,
461,YT,"Kass Dreyer, Ming Huang, Raghvi Sharma","Encounter 3D, Encounter 201",Table Tennis Team Female,Yukon,11
462,YT,,,Gymnastics Artistic - Team Event Female,Yukon,
463,YT-A,"Derek Bond Deuling, Marcus Deuling, Natalie Hynes, Amanda Thomson",Race,Cross Country Skiing Relay Mix,Yukon,4
464,YT-B,"Hannah Deuling, Sasha Masson, Jamie Phillips-Freedman, Sonjaa Schmidt",Race,Cross Country Skiing Relay Mix,Yukon,8
465,Zheng/Zhu,"Alex Zheng, Katherine Zhu",MATCH 83,Badminton Doubles Mix,Prince Edward Island,33
